{"stat.pickup.forestry.digger_bag":1,"stat.useItem.harvestcraft.rhubarbitem":14,"stat.leaveGame":2,"stat.mineBlock.thaumcraft.ore_quartz":3,"stat.pickup.harvestcraft.shadedgarden":2,"stat.pickup.gravestone.death_info":2,"stat.craftItem.minecraft.string":34,"stat.mineBlock.minecraft.stained_glass":1,"stat.pickup.tconstruct.faucet":2,"stat.pickup.minecraft.porkchop":5,"stat.useItem.actuallyadditions.item_rice_seed":6,"stat.mineBlock.deepresonance.resonating_ore":1,"stat.pickup.harvestcraft.calamarirawitem":2,"stat.useItem.minecraft.water_bucket":9,"stat.pickup.minecraft.rotten_flesh":15,"stat.pickup.minecraft.sand":41,"stat.craftItem.actuallyadditions.block_misc":1,"stat.pickup.forestry.miner_bag":1,"stat.pickup.harvestcraft.sweetpotatoitem":65,"stat.craftItem.tconstruct.casting":5,"stat.pickup.harvestcraft.radishitem":66,"stat.pickup.minecraft.brown_mushroom":2,"stat.mineBlock.minecraft.sand":6,"stat.craftItem.harvestcraft.ediblerootitem":4,"stat.craftItem.cookingforblockheads.counter":1,"stat.useItem.minecraft.fence_gate":1,"stat.useItem.minecraft.iron_pickaxe":219,"stat.killEntity.thermalfoundation.basalz":1,"stat.craftItem.minecraft.iron_door":6,"stat.useItem.tconstruct.soil":1,"stat.pickup.harvestcraft.rhubarbitem":63,"stat.craftItem.minecraft.bed":2,"stat.craftItem.minecraft.hardened_clay":10,"stat.craftItem.harvestcraft.skilletitem":1,"stat.drop.gravestone.death_info":4,"stat.pickup.actuallyadditions.item_worm":23,"stat.pickup.thermalfoundation.material":2,"stat.furnaceInteraction":104,"stat.pickup.harvestcraft.cherryitem":6,"stat.killEntity.ZombieVillager":1,"stat.pickup.actuallyadditions.item_solidified_experience":3,"stat.craftItem.thermalfoundation.material":21,"stat.pickup.minecraft.beef":9,"stat.useItem.minecraft.stained_glass":1,"stat.useItem.minecraft.fence":56,"stat.pickup.minecraft.skull":2,"stat.mineBlock.minecraft.fence":4,"stat.pickup.thaumcraft.crystal_essence":6,"stat.craftItem.minecraft.fence_gate":2,"stat.useItem.minecraft.wheat_seeds":25,"stat.drop.harvestcraft.freshwateritem":1,"stat.mineBlock.thermalexpansion.tank":1,"stat.pickup.minecraft.emerald":2,"stat.useItem.harvestcraft.beanitem":7,"stat.deaths":7,"stat.useItem.tconstruct.smeltery_io":3,"stat.playOneMinute":238913,"stat.pickup.thermalexpansion.tank":1,"stat.craftItem.minecraft.iron_pickaxe":2,"stat.mineBlock.actuallyadditions.block_wild":2,"stat.drop.harvestcraft.cottonitem":14,"stat.drop.minecraft.iron_ingot":9,"stat.mineBlock.minecraft.tallgrass":41,"stat.pickup.harvestcraft.cottonitem":181,"stat.pickup.tconstruct.seared":1,"stat.chestOpened":10,"stat.pickup.harvestcraft.tomatoitem":66,"stat.pickup.minecraft.arrow":13,"stat.craftItem.harvestcraft.mixingbowlitem":1,"stat.fallOneCm":36611,"stat.pickup.harvestcraft.cuttingboarditem":1,"stat.crouchOneCm":6555,"stat.pickup.actuallyadditions.item_food":38,"stat.pickup.harvestcraft.caulifloweritem":61,"stat.craftItem.minecraft.chest":7,"stat.craftItem.minecraft.iron_ingot":34,"stat.craftingTableInteraction":32,"stat.craftItem.harvestcraft.freshwateritem":290,"stat.craftItem.tconstruct.pattern":4,"stat.useItem.minecraft.reeds":17,"stat.craftItem.tconstruct.materials":344,"stat.pickup.minecraft.dye":66,"stat.pickup.minecraft.planks":77,"stat.pickup.minecraft.wheat_seeds":36,"stat.pickup.enderio.item_material":1,"stat.mineBlock.minecraft.gravel":63,"stat.useItem.minecraft.stone_pickaxe":563,"stat.craftItem.tconstruct.seared_tank":2,"stat.drop.integrateddynamics.on_the_dynamics_of_integration":1,"stat.mineBlock.minecraft.dirt":79,"stat.mineBlock.minecraft.monster_egg":3,"stat.useItem.minecraft.torch":176,"stat.pickup.immersiveengineering.seed":1,"stat.drop.botania.flower":1,"stat.useItem.harvestcraft.spiceleafitem":8,"stat.pickup.minecraft.crafting_table":2,"stat.useItem.minecraft.cobblestone":44,"stat.craftItem.minecraft.crafting_table":5,"stat.useItem.minecraft.gravel":1,"stat.useItem.actuallyadditions.item_canola_seed":2,"stat.mineBlock.minecraft.emerald_ore":2,"stat.pickup.minecraft.redstone_block":26,"stat.pickup.minecraft.log":50,"stat.pickup.harvestcraft.hazelnutitem":2,"stat.useItem.harvestcraft.sweetpotatoitem":9,"stat.pickup.minecraft.iron_pickaxe":1,"stat.craftItem.harvestcraft.bakewareitem":1,"stat.pickup.minecraft.web":4,"stat.pickup.minecraft.sapling":9,"stat.pickup.minecraft.apple":1,"stat.pickup.harvestcraft.freshwateritem":65,"stat.craftItem.tconstruct.smeltery_controller":2,"stat.useItem.harvestcraft.caulifloweritem":6,"stat.craftItem.minecraft.bucket":2,"stat.craftItem.minecraft.planks":212,"stat.useItem.minecraft.iron_sword":125,"stat.mineBlock.minecraft.log":13,"stat.craftItem.minecraft.wooden_door":3,"stat.useItem.minecraft.stone_hoe":252,"stat.useItem.minecraft.wooden_door":1,"stat.craftItem.minecraft.paper":3,"stat.pickup.harvestcraft.tealeafitem":59,"stat.sneakTime":2090,"stat.pickup.thaumcraft.amber":1,"stat.pickup.minecraft.wool":1,"stat.useItem.harvestcraft.greenteaitem":2,"stat.useItem.minecraft.wooden_axe":32,"stat.useItem.minecraft.web":3,"stat.drop.minecraft.stone_pickaxe":1,"stat.craftItem.harvestcraft.saucepanitem":2,"stat.pickup.harvestcraft.greenteaitem":1,"stat.pickup.minecraft.bone":8,"stat.useItem.harvestcraft.veggiestripsitem":9,"stat.horseOneCm":453,"stat.useItem.harvestcraft.garlicitem":8,"stat.mineBlock.minecraft.cobblestone":7,"stat.pickup.minecraft.stone_pickaxe":1,"stat.pickup.minecraft.flint":9,"stat.craftItem.tconstruct.faucet":6,"stat.useItem.harvestcraft.tealeafitem":7,"stat.mineBlock.actuallyadditions.block_misc":2,"stat.craftItem.minecraft.wool":6,"stat.swimOneCm":29358,"stat.pickup.enderio.item_dark_steel_sword":1,"stat.mineBlock.thaumcraft.ore_amber":1,"stat.drop.minecraft.cobblestone":109,"stat.useItem.minecraft.dirt":49,"stat.useItem.harvestcraft.tomatoitem":9,"stat.useItem.minecraft.stone_slab2":100,"stat.craftItem.minecraft.furnace":2,"stat.pickup.thermalfoundation.ore":83,"stat.craftItem.harvestcraft.veggiestripsitem":56,"stat.craftItem.minecraft.stone_pickaxe":12,"stat.craftItem.minecraft.cooked_beef":2,"stat.pickup.minecraft.shears":1,"stat.pickup.minecraft.cobblestone":938,"stat.mineBlock.minecraft.clay":52,"stat.drop.cookingforblockheads.cooking_table":1,"stat.mineBlock.minecraft.redstone_block":27,"stat.useItem.minecraft.stone_shovel":161,"stat.pickup.extratrees.hops":21,"stat.flyOneCm":259564,"stat.pickup.actuallyadditions.item_booklet":1,"stat.useItem.harvestcraft.whitemushroomitem":8,"stat.craftItem.minecraft.stained_glass":8,"stat.drop.minecraft.clay_ball":14,"stat.pickup.minecraft.redstone":130,"stat.mineBlock.minecraft.iron_ore":46,"stat.craftItem.minecraft.book":1,"stat.timeSinceDeath":13049,"stat.pickup.integrateddynamics.on_the_dynamics_of_integration":1,"stat.mineBlock.cookingforblockheads.cutting_board":1,"stat.pickup.actuallyadditions.item_rice_seed":20,"stat.pickup.harvestcraft.whitemushroomitem":57,"stat.pickup.harvestcraft.beanitem":57,"stat.craftItem.tconstruct.seared":65,"stat.mineBlock.thermalfoundation.ore":74,"stat.pickup.tconstruct.soil":1,"stat.mineBlock.minecraft.coal_ore":164,"stat.killEntity.Creeper":4,"stat.craftItem.minecraft.stone_hoe":2,"stat.pickup.extrautils2.ingredients":5,"stat.craftItem.tconstruct.soil":424,"stat.pickup.minecraft.string":11,"stat.craftItem.harvestcraft.teaitem":3,"stat.craftItem.harvestcraft.hotdogitem":5,"stat.craftItem.minecraft.stone_slab2":0,"stat.craftItem.tconstruct.tooltables":1,"stat.killEntity.Squid":3,"stat.sprintOneCm":296232,"stat.pickup.actuallyadditions.item_misc":3,"stat.pickup.opencomputers.material":1,"stat.craftItem.minecraft.stick":172,"stat.craftItem.minecraft.wooden_axe":1,"stat.useItem.harvestcraft.cottonitem":22,"stat.craftItem.cookingforblockheads.fridge":2,"stat.craftItem.minecraft.stone":15,"stat.mineBlock.minecraft.diamond_ore":4,"stat.useItem.tconstruct.casting":2,"stat.mineBlock.minecraft.crafting_table":1,"stat.craftItem.cookingforblockheads.oven":2,"stat.entityKilledBy.Creeper":1,"stat.pickup.botania.flower":1,"stat.drop":31,"stat.craftItem.harvestcraft.potitem":1,"stat.useItem.tconstruct.seared":58,"stat.killEntity.Zombie":16,"stat.craftItem.minecraft.clay":10,"stat.mineBlock.minecraft.gold_ore":14,"stat.diveOneCm":17983,"stat.pickup.harvestcraft.garlicitem":36,"stat.pickup.minecraft.wheat":44,"stat.pickup.minecraft.gravel":167,"stat.pickup.thaumcraft.curio":1,"stat.craftItem.cookingforblockheads.cooking_table":1,"stat.drop.harvestcraft.greenteaitem":1,"stat.killEntity.Slime":5,"stat.craftItem.harvestcraft.cuttingboarditem":1,"stat.pickup.harvestcraft.blackberryitem":3,"stat.jump":1870,"stat.pickup.minecraft.fence":4,"stat.pickup.minecraft.coal":180,"stat.pickup.deepresonance.resonating_ore":1,"stat.pickup.minecraft.iron_ingot":2,"stat.pickup.tconstruct.seared_tank":1,"stat.mineBlock.tconstruct.soil":1,"stat.craftItem.minecraft.bread":12,"stat.mineBlock.harvestcraft.shadedgarden":13,"stat.pickup.minecraft.spider_eye":1,"stat.craftItem.minecraft.torch":160,"stat.pickup.minecraft.dirt":187,"stat.craftItem.harvestcraft.greenteaitem":2,"stat.pickup.actuallyadditions.block_misc":2,"stat.mineBlock.harvestcraft.frostgarden":1,"stat.pickup.minecraft.iron_ore":46,"stat.pickup.minecraft.gold_ore":13,"stat.mineBlock.minecraft.lapis_ore":3,"stat.damageTaken":2105,"stat.pickup.minecraft.leather":7,"stat.useItem.harvestcraft.teaitem":3,"stat.mineBlock.minecraft.torch":28,"stat.mineBlock.minecraft.red_flower":1,"stat.craftItem.cookingforblockheads.recipe_book":3,"stat.useItem.harvestcraft.radishitem":8,"stat.useItem.thaumcraft.brain":1,"stat.pickup.minecraft.reeds":26,"stat.drop.enderio.item_dark_steel_sword":1,"stat.pickup.tconstruct.materials":5,"stat.entityKilledBy.Zombie":1,"stat.drop.thaumcraft.brain":1,"stat.pickup.minecraft.stained_glass":5,"stat.craftItem.harvestcraft.doughitem":24,"stat.damageDealt":8326,"stat.craftItem.minecraft.glass":16,"stat.sleepInBed":3,"stat.pickup.actuallyadditions.item_canola_seed":2,"stat.killEntity.Silverfish":3,"stat.craftItem.minecraft.iron_sword":1,"stat.useItem.extratrees.hops":6,"stat.useItem.cookingforblockheads.fridge":1,"stat.craftItem.minecraft.stone_shovel":3,"stat.walkOneCm":957993,"stat.playerKills":1,"stat.craftItem.tconstruct.smeltery_io":4,"stat.pickup.minecraft.stick":9,"stat.pickup.minecraft.clay_ball":259,"stat.craftItem.harvestcraft.flouritem":24,"stat.drop.opencomputers.material":1,"stat.useItem.actuallyadditions.item_worm":15,"stat.pickup.harvestcraft.celeryitem":53,"stat.useItem.tconstruct.faucet":4,"stat.craftItem.harvestcraft.mortarandpestleitem":1,"stat.pickup.harvestcraft.spiceleafitem":75,"stat.pickup.minecraft.stone":22,"stat.craftItem.actuallyadditions.item_rice_seed":4,"stat.useItem.harvestcraft.shadedgarden":1,"stat.killEntity.Skeleton":6,"stat.pickup.forestry.apatite":18,"stat.pickup.cookingforblockheads.cooking_table":1,"stat.killEntity.Spider":3,"stat.useItem.harvestcraft.celeryitem":5,"stat.mobKills":51,"stat.useItem.thaumcraft.curio":1,"stat.pickup.minecraft.quartz":3,"stat.craftItem.minecraft.fence":57,"stat.pickup.minecraft.diamond":4,"stat.mineBlock.minecraft.leaves":4,"stat.pickup.minecraft.torch":71,"stat.mineBlock.tconstruct.seared":2,"stat.pickup.thaumcraft.brain":2,"stat.mineBlock.minecraft.redstone_ore":29,"stat.craftItem.minecraft.brick":28,"stat.mineBlock.minecraft.stone":404,"stat.craftItem.actuallyadditions.block_giant_chest":1,"stat.craftItem.harvestcraft.saltitem":230}