{"stat.pickup.tconstruct.book":1,"stat.pickup.forestry.digger_bag":1,"stat.pickup.minecraft.bone":5,"stat.useItem.harvestcraft.veggiestripsitem":1,"stat.leaveGame":4,"stat.craftItem.thermalfoundation.wrench":1,"stat.mineBlock.minecraft.cobblestone":19,"stat.mineBlock.thaumcraft.ore_quartz":7,"stat.pickup.minecraft.stone_pickaxe":1,"stat.pickup.minecraft.flint":20,"stat.pickup.extrautils2.redorchid":1,"stat.pickup.opencomputers.component":2,"stat.craftItem.botania.petal":2,"stat.mineBlock.actuallyadditions.block_misc":30,"stat.mineBlock.minecraft.brown_mushroom":5,"stat.mineBlock.ic2.rubber_wood":7,"stat.pickup.gravestone.death_info":3,"stat.mineBlock.appliedenergistics2.quartz_ore":10,"stat.craftItem.opencomputers.assembler":1,"stat.swimOneCm":12363,"stat.craftItem.minecraft.clock":1,"stat.mineBlock.thaumcraft.ore_amber":4,"stat.drop.minecraft.cobblestone":39,"stat.pickup.opencomputers.storage":1,"stat.useItem.thermalfoundation.ore":1,"stat.mineBlock.gravestone.gravestone":1,"stat.useItem.minecraft.dirt":8,"stat.mineBlock.deepresonance.resonating_ore":5,"stat.useItem.minecraft.stone_slab2":33,"stat.useItem.minecraft.water_bucket":3,"stat.pickup.minecraft.rotten_flesh":2,"stat.pickup.minecraft.sand":47,"stat.craftItem.minecraft.furnace":5,"stat.pickup.thermalfoundation.ore":121,"stat.entityKilledBy.Spider":3,"stat.craftItem.minecraft.stone_axe":2,"stat.pickup.forestry.miner_bag":1,"stat.craftItem.minecraft.stone_pickaxe":4,"stat.pickup.minecraft.cobblestone":1329,"stat.craftItem.opencomputers.component":3,"stat.mineBlock.minecraft.clay":4,"stat.mineBlock.minecraft.redstone_block":29,"stat.useItem.extratrees.food":6,"stat.pickup.extratrees.hops":3,"stat.useItem.minecraft.stone_shovel":367,"stat.craftItem.minecraft.stone_sword":1,"stat.flyOneCm":169900,"stat.pickup.harvestcraft.radishitem":2,"stat.pickup.appliedenergistics2.material":13,"stat.pickup.minecraft.brown_mushroom":7,"stat.mineBlock.minecraft.sand":55,"stat.pickup.opencomputers.case1":4,"stat.drop.minecraft.sand":40,"stat.pickup.opencomputers.case2":1,"stat.craftItem.botania.dye":1,"stat.pickup.minecraft.redstone":246,"stat.mineBlock.minecraft.iron_ore":112,"stat.timeSinceDeath":27780,"stat.useItem.minecraft.iron_pickaxe":1002,"stat.craftItem.minecraft.wooden_pickaxe":1,"stat.pickup.integrateddynamics.on_the_dynamics_of_integration":3,"stat.pickup.minecraft.mutton":4,"stat.pickup.valkyrielib.guide":1,"stat.pickup.astralsorcery.itemjournal":1,"stat.pickup.harvestcraft.beanitem":1,"stat.pickup.minecraft.wooden_axe":1,"stat.mineBlock.chisel.marble2":20,"stat.mineBlock.thermalfoundation.ore":122,"stat.furnaceInteraction":51,"stat.drop.minecraft.dirt":64,"stat.mineBlock.botania.flower":1,"stat.killEntity.ZombieVillager":1,"stat.mineBlock.minecraft.coal_ore":43,"stat.drop.minecraft.wool":1,"stat.killEntity.Creeper":1,"stat.pickup.extrautils2.ingredients":6,"stat.pickup.actuallyadditions.item_solidified_experience":4,"stat.craftItem.thermalfoundation.material":38,"stat.pickup.minecraft.string":3,"stat.pickup.minecraft.furnace":1,"stat.useItem.minecraft.cooked_mutton":4,"stat.entityKilledBy.Skeleton":4,"stat.craftItem.minecraft.stone_slab2":0,"stat.craftItem.tconstruct.tooltables":1,"stat.sprintOneCm":161601,"stat.pickup.opencomputers.material":1,"stat.craftItem.minecraft.stick":96,"stat.craftItem.minecraft.wooden_axe":1,"stat.craftItem.opencomputers.storage":1,"stat.craftItem.thermalexpansion.dynamo":1,"stat.craftItem.minecraft.gold_nugget":45,"stat.pickup.thaumcraft.crystal_essence":2,"stat.mineBlock.harvestcraft.pamapple":1,"stat.mineBlock.minecraft.crafting_table":2,"stat.mineBlock.astralsorcery.blockmarble":5,"stat.useItem.minecraft.diamond_pickaxe":792,"stat.useItem.minecraft.wooden_shovel":20,"stat.craftItem.minecraft.wooden_pressure_plate":1,"stat.entityKilledBy.Creeper":1,"stat.pickup.botania.flower":2,"stat.deaths":13,"stat.drop":22,"stat.pickup.minecraft.egg":3,"stat.playOneMinute":245916,"stat.craftItem.minecraft.wooden_shovel":1,"stat.killEntity.Sheep":2,"stat.craftItem.minecraft.iron_pickaxe":5,"stat.mineBlock.actuallyadditions.block_wild":1,"stat.craftItem.minecraft.diamond_pickaxe":1,"stat.killEntity.Zombie":4,"stat.pickup.opencomputers.tool":6,"stat.drop.opencomputers.tool":3,"stat.craftItem.minecraft.clay":2,"stat.pickup.chisel.marble2":20,"stat.mineBlock.minecraft.gold_ore":21,"stat.mineBlock.minecraft.tallgrass":53,"stat.craftItem.minecraft.cooked_mutton":4,"stat.diveOneCm":21350,"stat.chestOpened":2,"stat.pickup.tconstruct.tooltables":1,"stat.craftItem.minecraft.piston":6,"stat.pickup.minecraft.gravel":177,"stat.pickup.minecraft.arrow":4,"stat.useItem.minecraft.apple":4,"stat.craftItem.minecraft.coal":14,"stat.craftItem.minecraft.iron_nugget":45,"stat.jump":977,"stat.useItem.minecraft.sand":7,"stat.pickup.minecraft.coal":42,"stat.pickup.deepresonance.resonating_ore":4,"stat.fallOneCm":21591,"stat.pickup.minecraft.iron_ingot":9,"stat.pickup.chisel.basalt2":1,"stat.craftItem.botania.pestleandmortar":1,"stat.useItem.minecraft.stone_axe":152,"stat.crouchOneCm":102128,"stat.mineBlock.harvestcraft.shadedgarden":4,"stat.craftItem.minecraft.iron_ingot":130,"stat.craftItem.minecraft.torch":164,"stat.craftItem.minecraft.chest":2,"stat.pickup.minecraft.dirt":172,"stat.pickup.actuallyadditions.block_misc":26,"stat.craftingTableInteraction":48,"stat.pickup.minecraft.iron_ore":114,"stat.drop.thermalfoundation.ore":1,"stat.pickup.minecraft.gold_ore":40,"stat.mineBlock.minecraft.lapis_ore":8,"stat.pickup.actuallyadditions.item_flax_seed":2,"stat.mineBlock.harvestcraft.pamnutmeg":1,"stat.pickup.actuallyadditions.item_coffee_seed":1,"stat.mineBlock.tconstruct.tooltables":1,"stat.pickup.minecraft.wooden_pickaxe":1,"stat.damageTaken":3573,"stat.craftItem.minecraft.iron_bars":16,"stat.mineBlock.minecraft.furnace":1,"stat.mineBlock.minecraft.torch":5,"stat.mineBlock.minecraft.red_flower":2,"stat.useItem.minecraft.wooden_pickaxe":3,"stat.useItem.minecraft.furnace":3,"stat.useItem.harvestcraft.radishitem":2,"stat.craftItem.tconstruct.materials":58,"stat.useItem.thaumcraft.brain":2,"stat.pickup.theoneprobe.probenote":1,"stat.pickup.ic2.rubber_wood":7,"stat.pickup.minecraft.dye":47,"stat.pickup.minecraft.planks":32,"stat.pickup.minecraft.reeds":7,"stat.pickup.minecraft.wheat_seeds":5,"stat.entityKilledBy.Zombie":2,"stat.mineBlock.minecraft.gravel":194,"stat.useItem.minecraft.stone_pickaxe":185,"stat.drop.integrateddynamics.on_the_dynamics_of_integration":1,"stat.useItem.minecraft.stone_sword":73,"stat.damageDealt":2444,"stat.sleepInBed":3,"stat.craftItem.minecraft.bowl":8,"stat.mineBlock.minecraft.dirt":162,"stat.craftItem.opencomputers.material":67,"stat.drop.minecraft.stick":12,"stat.mineBlock.harvestcraft.pampear":2,"stat.craftItem.minecraft.stone_shovel":4,"stat.walkOneCm":599384,"stat.useItem.minecraft.torch":86,"stat.pickup.immersiveengineering.seed":3,"stat.pickup.minecraft.stick":7,"stat.pickup.minecraft.crafting_table":3,"stat.pickup.minecraft.clay_ball":23,"stat.useItem.minecraft.cobblestone":84,"stat.craftItem.minecraft.crafting_table":5,"stat.pickup.opencomputers.card":1,"stat.drop.opencomputers.material":1,"stat.mineBlock.chisel.basalt2":3,"stat.pickup.minecraft.redstone_block":29,"stat.pickup.minecraft.log":166,"stat.pickup.minecraft.iron_pickaxe":1,"stat.craftItem.minecraft.gold_ingot":18,"stat.pickup.minecraft.stone":126,"stat.mineBlock.opencomputers.case2":1,"stat.mineBlock.opencomputers.case1":4,"stat.pickup.minecraft.sapling":15,"stat.pickup.minecraft.apple":4,"stat.pickup.actuallyadditions.item_coffee_beans":2,"stat.killEntity.Skeleton":4,"stat.pickup.forestry.apatite":82,"stat.pickup.thaumcraft.ore_cinnabar":6,"stat.craftItem.minecraft.bucket":2,"stat.craftItem.minecraft.planks":132,"stat.killEntity.Spider":1,"stat.mineBlock.forestry.resources":24,"stat.mobKills":12,"stat.mineBlock.minecraft.log":137,"stat.pickup.minecraft.quartz":7,"stat.craftItem.opencomputers.card":1,"stat.pickup.forestry.book_forester":1,"stat.craftItem.opencomputers.case2":1,"stat.craftItem.opencomputers.case1":1,"stat.mineBlock.minecraft.leaves":24,"stat.craftItem.minecraft.paper":6,"stat.pickup.minecraft.torch":13,"stat.pickup.harvestcraft.pearitem":2,"stat.pickup.thaumcraft.brain":2,"stat.mineBlock.minecraft.redstone_ore":53,"stat.pickup.thaumcraft.amber":7,"stat.sneakTime":32854,"stat.pickup.minecraft.wool":2,"stat.pickup.astralsorcery.blockmarble":5,"stat.drop.minecraft.stone_axe":1,"stat.useItem.minecraft.wooden_axe":19,"stat.mineBlock.minecraft.stone":1438,"stat.mineBlock.thaumcraft.ore_cinnabar":6}