{"stat.pickup.minecraft.bone":11,"stat.craftItem.storagedrawers.basicdrawers":1,"stat.useItem.harvestcraft.veggiestripsitem":1,"stat.useItem.minecraft.iron_axe":105,"stat.leaveGame":2,"stat.mineBlock.minecraft.cobblestone":28,"stat.mineBlock.thaumcraft.ore_quartz":11,"stat.pickup.minecraft.stone_pickaxe":1,"stat.pickup.minecraft.flint":2,"stat.craftItem.minecraft.iron_axe":2,"stat.mineBlock.actuallyadditions.block_misc":34,"stat.craftItem.minecraft.wool":7,"stat.pickup.gravestone.death_info":1,"stat.mineBlock.appliedenergistics2.quartz_ore":35,"stat.craftItem.minecraft.string":18,"stat.swimOneCm":23459,"stat.pickup.enderio.item_dark_steel_sword":1,"stat.mineBlock.harvestcraft.beehive":1,"stat.mineBlock.minecraft.web":6,"stat.mineBlock.thaumcraft.ore_amber":2,"stat.pickup.minecraft.porkchop":5,"stat.pickup.harvestcraft.okraitem":2,"stat.useItem.minecraft.dirt":5,"stat.useItem.minecraft.stone_slab2":41,"stat.useItem.minecraft.water_bucket":1,"stat.pickup.minecraft.rotten_flesh":11,"stat.pickup.minecraft.sand":260,"stat.useItem.harvestcraft.gooseberryitem":5,"stat.craftItem.minecraft.furnace":1,"stat.pickup.thermalfoundation.ore":195,"stat.useItem.minecraft.egg":2,"stat.craftItem.minecraft.stone_axe":1,"stat.craftItem.actuallyadditions.block_misc":2,"stat.pickup.harvestcraft.sweetpotatoitem":4,"stat.craftItem.minecraft.stone_pickaxe":4,"stat.craftItem.minecraft.cooked_beef":5,"stat.pickup.minecraft.cobblestone":1633,"stat.mineBlock.minecraft.clay":16,"stat.useItem.minecraft.stone_shovel":261,"stat.useItem.extratrees.food":14,"stat.mineBlock.chisel.limestone2":3,"stat.craftItem.minecraft.stone_sword":2,"stat.flyOneCm":185341,"stat.pickup.harvestcraft.radishitem":3,"stat.pickup.appliedenergistics2.material":52,"stat.useItem.harvestcraft.hotdogitem":1,"stat.pickup.actuallyadditions.item_booklet":1,"stat.mineBlock.minecraft.sand":261,"stat.useItem.minecraft.cooked_beef":5,"stat.pickup.harvestcraft.scallionitem":2,"stat.pickup.minecraft.redstone":221,"stat.mineBlock.minecraft.iron_ore":225,"stat.timeSinceDeath":83641,"stat.useItem.minecraft.iron_pickaxe":2328,"stat.pickup.minecraft.mutton":6,"stat.pickup.harvestcraft.rhubarbitem":6,"stat.killEntity.Bat":1,"stat.craftItem.minecraft.bed":1,"stat.craftItem.forestry.miner_bag":3,"stat.pickup.harvestcraft.whitemushroomitem":1,"stat.drop.gravestone.death_info":1,"stat.pickup.harvestcraft.beanitem":2,"stat.mineBlock.thermalfoundation.ore":181,"stat.furnaceInteraction":73,"stat.pickup.harvestcraft.cherryitem":6,"stat.mineBlock.botania.flower":1,"stat.killEntity.ZombieVillager":1,"stat.mineBlock.minecraft.coal_ore":359,"stat.craftItem.thermalexpansion.tank":2,"stat.killEntity.Creeper":1,"stat.pickup.extrautils2.ingredients":4,"stat.pickup.actuallyadditions.item_solidified_experience":10,"stat.craftItem.thermalfoundation.material":19,"stat.pickup.minecraft.string":34,"stat.pickup.minecraft.beef":16,"stat.useItem.minecraft.cooked_mutton":6,"stat.pickup.harvestcraft.brusselsproutitem":1,"stat.craftItem.minecraft.stone_slab2":0,"stat.useItem.minecraft.written_book":1,"stat.craftItem.tconstruct.tooltables":10,"stat.sprintOneCm":251217,"stat.pickup.minecraft.skull":1,"stat.craftItem.minecraft.stick":104,"stat.pickup.ic2.resource":4,"stat.craftItem.minecraft.stone":64,"stat.mineBlock.minecraft.diamond_ore":23,"stat.pickup.thaumcraft.crystal_essence":28,"stat.mineBlock.harvestcraft.pamapple":8,"stat.mineBlock.minecraft.crafting_table":2,"stat.pickup.thaumcraft.nugget":3,"stat.pickup.minecraft.emerald":1,"stat.pickup.botania.flower":2,"stat.deaths":4,"stat.drop":4,"stat.pickup.minecraft.egg":2,"stat.playOneMinute":226826,"stat.killEntity.Sheep":4,"stat.craftItem.minecraft.iron_pickaxe":11,"stat.killEntity.Zombie":12,"stat.mineBlock.forestry.leaves.default.2":2,"stat.mineBlock.minecraft.gold_ore":12,"stat.craftItem.minecraft.cooked_mutton":6,"stat.mineBlock.minecraft.tallgrass":2,"stat.diveOneCm":16278,"stat.pickup.harvestcraft.garlicitem":4,"stat.pickup.harvestcraft.cottonitem":23,"stat.chestOpened":5,"stat.pickup.harvestcraft.tomatoitem":4,"stat.pickup.botania.mushroom":1,"stat.mineBlock.botania.doubleflower1":1,"stat.pickup.minecraft.gravel":23,"stat.pickup.thaumcraft.curio":2,"stat.pickup.minecraft.arrow":7,"stat.pickup.minecraft.stone_axe":1,"stat.useItem.minecraft.apple":4,"stat.mineBlock.appliedenergistics2.charged_quartz_ore":4,"stat.craftItem.minecraft.coal":32,"stat.pickup.harvestcraft.blackberryitem":4,"stat.jump":1665,"stat.pickup.minecraft.coal":356,"stat.fallOneCm":36046,"stat.pickup.minecraft.iron_ingot":7,"stat.mineBlock.harvestcraft.pamhazelnut":1,"stat.pickup.chisel.basalt2":1,"stat.useItem.minecraft.stone_axe":176,"stat.pickup.minecraft.gunpowder":1,"stat.crouchOneCm":13255,"stat.mineBlock.harvestcraft.shadedgarden":13,"stat.pickup.minecraft.spider_eye":7,"stat.craftItem.minecraft.torch":164,"stat.craftItem.minecraft.chest":18,"stat.craftItem.minecraft.iron_ingot":45,"stat.pickup.minecraft.dirt":77,"stat.pickup.actuallyadditions.block_misc":34,"stat.craftingTableInteraction":41,"stat.pickup.minecraft.iron_ore":225,"stat.pickup.minecraft.gold_ore":12,"stat.mineBlock.minecraft.lapis_ore":7,"stat.mineBlock.ic2.resource":4,"stat.craftItem.tconstruct.pattern":24,"stat.damageTaken":2035,"stat.pickup.minecraft.leather":7,"stat.mineBlock.minecraft.torch":21,"stat.useItem.minecraft.reeds":5,"stat.mineBlock.harvestcraft.pamcherry":3,"stat.pickup.harvestcraft.blueberryitem":1,"stat.pickup.minecraft.dye":41,"stat.pickup.minecraft.reeds":6,"stat.pickup.chisel.limestone2":3,"stat.pickup.minecraft.wheat_seeds":1,"stat.entityKilledBy.Zombie":1,"stat.mineBlock.minecraft.gravel":11,"stat.useItem.minecraft.stone_pickaxe":456,"stat.useItem.minecraft.stone_sword":210,"stat.damageDealt":8096,"stat.sleepInBed":5,"stat.killEntity.Silverfish":6,"stat.killEntity.Cow":7,"stat.mineBlock.minecraft.dirt":29,"stat.killEntity.Pig":3,"stat.craftItem.minecraft.iron_sword":1,"stat.mineBlock.harvestcraft.pampear":4,"stat.craftItem.minecraft.stone_shovel":2,"stat.mineBlock.minecraft.monster_egg":2,"stat.walkOneCm":758519,"stat.useItem.minecraft.torch":168,"stat.playerKills":2,"stat.useItem.minecraft.chest":1,"stat.pickup.harvestcraft.maplesyrupitem":1,"stat.pickup.minecraft.stick":9,"stat.drop.botania.flower":1,"stat.drop.minecraft.rotten_flesh":2,"stat.useItem.minecraft.log":5,"stat.pickup.minecraft.crafting_table":2,"stat.pickup.minecraft.clay_ball":64,"stat.useItem.minecraft.cobblestone":176,"stat.craftItem.minecraft.crafting_table":5,"stat.pickup.opencomputers.card":1,"stat.useItem.minecraft.lava_bucket":1,"stat.mineBlock.chisel.basalt2":1,"stat.mineBlock.minecraft.emerald_ore":1,"stat.mineBlock.harvestcraft.pamgooseberry":7,"stat.pickup.minecraft.redstone_block":1,"stat.pickup.minecraft.log":203,"stat.pickup.harvestcraft.hazelnutitem":2,"stat.pickup.harvestcraft.spiceleafitem":2,"stat.craftItem.minecraft.gold_ingot":36,"stat.pickup.minecraft.stone":158,"stat.pickup.minecraft.web":2,"stat.pickup.harvestcraft.zucchiniitem":4,"stat.pickup.minecraft.sapling":69,"stat.pickup.minecraft.apple":14,"stat.killEntity.Skeleton":9,"stat.pickup.forestry.apatite":17,"stat.craftItem.forestry.digger_bag":3,"stat.pickup.thaumcraft.ore_cinnabar":10,"stat.craftItem.minecraft.planks":272,"stat.pickup.harvestcraft.queenbeeitem":1,"stat.killEntity.Spider":9,"stat.mineBlock.forestry.resources":4,"stat.mobKills":48,"stat.mineBlock.minecraft.log":206,"stat.pickup.minecraft.quartz":11,"stat.craftItem.minecraft.shears":1,"stat.pickup.minecraft.diamond":23,"stat.mineBlock.minecraft.leaves":100,"stat.pickup.minecraft.torch":23,"stat.pickup.harvestcraft.pearitem":8,"stat.pickup.thaumcraft.brain":1,"stat.mineBlock.minecraft.redstone_ore":50,"stat.sneakTime":5030,"stat.pickup.harvestcraft.tealeafitem":1,"stat.pickup.thaumcraft.amber":2,"stat.pickup.minecraft.wool":37,"stat.mineBlock.thaumcraft.crystal_perditio":8,"stat.mineBlock.harvestcraft.soggygarden":4,"stat.mineBlock.minecraft.stone":1768,"stat.craftItem.actuallyadditions.block_giant_chest":2,"stat.useItem.tconstruct.hatchet":5,"stat.pickup.harvestcraft.gooseberryitem":11,"stat.mineBlock.thaumcraft.ore_cinnabar":10,"stat.useItem.minecraft.web":1}