{"stat.pickup.draconicevolution.draconium_dust":18,"stat.leaveGame":5,"stat.mineBlock.thaumcraft.ore_quartz":11,"stat.craftItem.minecraft.iron_axe":2,"stat.pickup.gravestone.death_info":1,"stat.craftItem.minecraft.string":18,"stat.mineBlock.harvestcraft.beehive":1,"stat.mineBlock.minecraft.web":6,"stat.pickup.binniecore.glass":1,"stat.pickup.minecraft.porkchop":5,"stat.useItem.minecraft.water_bucket":14,"stat.pickup.minecraft.rotten_flesh":11,"stat.pickup.minecraft.sand":260,"stat.craftItem.minecraft.stone_axe":1,"stat.craftItem.actuallyadditions.block_misc":2,"stat.pickup.harvestcraft.sweetpotatoitem":4,"stat.useItem.extratrees.food":14,"stat.craftItem.minecraft.stone_sword":2,"stat.pickup.harvestcraft.radishitem":3,"stat.useItem.harvestcraft.hotdogitem":1,"stat.mineBlock.minecraft.sand":261,"stat.mineBlock.biomesoplenty.ash_block":8,"stat.pickup.harvestcraft.scallionitem":2,"stat.useItem.minecraft.iron_pickaxe":2665,"stat.pickup.harvestcraft.rhubarbitem":6,"stat.craftItem.minecraft.bed":1,"stat.craftItem.forestry.miner_bag":3,"stat.drop.gravestone.death_info":1,"stat.furnaceInteraction":73,"stat.pickup.harvestcraft.cherryitem":6,"stat.mineBlock.botania.flower":1,"stat.killEntity.ZombieVillager":1,"stat.pickup.actuallyadditions.item_solidified_experience":10,"stat.craftItem.thermalfoundation.material":19,"stat.pickup.minecraft.beef":16,"stat.useItem.minecraft.cooked_mutton":6,"stat.pickup.harvestcraft.brusselsproutitem":1,"stat.pickup.minecraft.skull":1,"stat.mineBlock.tconstruct.ore":57,"stat.useItem.minecraft.flint_and_steel":6,"stat.pickup.thaumcraft.crystal_essence":28,"stat.pickup.thaumcraft.nugget":3,"stat.pickup.minecraft.emerald":1,"stat.deaths":4,"stat.pickup.minecraft.egg":3,"stat.playOneMinute":287869,"stat.craftItem.minecraft.iron_pickaxe":18,"stat.craftItem.minecraft.cooked_mutton":6,"stat.mineBlock.minecraft.tallgrass":2,"stat.pickup.minecraft.netherrack":663,"stat.pickup.harvestcraft.cottonitem":23,"stat.chestOpened":6,"stat.pickup.harvestcraft.tomatoitem":4,"stat.pickup.botania.mushroom":1,"stat.mineBlock.minecraft.netherrack":630,"stat.pickup.minecraft.arrow":7,"stat.mineBlock.appliedenergistics2.charged_quartz_ore":4,"stat.craftItem.minecraft.coal":32,"stat.fallOneCm":45786,"stat.mineBlock.harvestcraft.pamhazelnut":1,"stat.pickup.chisel.basalt2":16,"stat.crouchOneCm":25549,"stat.craftItem.minecraft.chest":18,"stat.craftItem.minecraft.iron_ingot":54,"stat.craftingTableInteraction":43,"stat.mineBlock.ic2.resource":4,"stat.craftItem.tconstruct.pattern":24,"stat.useItem.minecraft.reeds":5,"stat.mineBlock.harvestcraft.pamcherry":3,"stat.pickup.minecraft.dye":41,"stat.pickup.chisel.limestone2":3,"stat.pickup.minecraft.wheat_seeds":1,"stat.mineBlock.minecraft.gravel":11,"stat.useItem.minecraft.stone_pickaxe":456,"stat.useItem.minecraft.stone_sword":210,"stat.mineBlock.minecraft.dirt":29,"stat.mineBlock.minecraft.monster_egg":2,"stat.useItem.minecraft.torch":187,"stat.useItem.minecraft.bread":2,"stat.pickup.harvestcraft.maplesyrupitem":1,"stat.drop.botania.flower":1,"stat.drop.minecraft.rotten_flesh":2,"stat.useItem.minecraft.log":5,"stat.pickup.minecraft.crafting_table":2,"stat.useItem.minecraft.cobblestone":246,"stat.mineBlock.draconicevolution.draconium_ore":8,"stat.craftItem.minecraft.crafting_table":5,"stat.pickup.opencomputers.card":1,"stat.mineBlock.minecraft.emerald_ore":1,"stat.mineBlock.harvestcraft.pamgooseberry":7,"stat.pickup.minecraft.redstone_block":1,"stat.pickup.minecraft.log":203,"stat.pickup.harvestcraft.hazelnutitem":2,"stat.useItem.tconstruct.pickaxe":478,"stat.craftItem.minecraft.gold_ingot":36,"stat.pickup.minecraft.web":2,"stat.pickup.minecraft.sapling":69,"stat.pickup.minecraft.apple":14,"stat.craftItem.minecraft.bucket":1,"stat.craftItem.minecraft.planks":324,"stat.useItem.minecraft.iron_sword":5,"stat.mineBlock.minecraft.log":206,"stat.pickup.harvestcraft.pearitem":8,"stat.sneakTime":10813,"stat.pickup.harvestcraft.tealeafitem":1,"stat.pickup.thaumcraft.amber":2,"stat.pickup.minecraft.wool":37,"stat.mineBlock.thaumcraft.crystal_perditio":8,"stat.pickup.harvestcraft.gooseberryitem":11,"stat.mineBlock.thaumcraft.ore_cinnabar":10,"stat.useItem.minecraft.web":1,"stat.pickup.minecraft.bone":11,"stat.craftItem.storagedrawers.basicdrawers":1,"stat.useItem.harvestcraft.veggiestripsitem":1,"stat.useItem.minecraft.iron_axe":105,"stat.mineBlock.minecraft.cobblestone":66,"stat.pickup.minecraft.stone_pickaxe":1,"stat.pickup.minecraft.flint":2,"stat.mineBlock.actuallyadditions.block_misc":34,"stat.craftItem.minecraft.wool":7,"stat.mineBlock.appliedenergistics2.quartz_ore":35,"stat.swimOneCm":27900,"stat.pickup.enderio.item_dark_steel_sword":1,"stat.mineBlock.thaumcraft.ore_amber":2,"stat.pickup.harvestcraft.okraitem":2,"stat.useItem.minecraft.obsidian":10,"stat.useItem.minecraft.dirt":5,"stat.useItem.minecraft.stone_slab2":43,"stat.useItem.harvestcraft.gooseberryitem":5,"stat.craftItem.minecraft.furnace":1,"stat.pickup.thermalfoundation.ore":195,"stat.useItem.minecraft.egg":3,"stat.craftItem.minecraft.stone_pickaxe":4,"stat.craftItem.minecraft.cooked_beef":5,"stat.mineBlock.minecraft.obsidian":18,"stat.pickup.minecraft.cobblestone":1666,"stat.killEntity.Firebat":2,"stat.mineBlock.minecraft.clay":16,"stat.useItem.minecraft.stone_shovel":261,"stat.mineBlock.chisel.limestone2":3,"stat.flyOneCm":243199,"stat.pickup.appliedenergistics2.material":52,"stat.pickup.actuallyadditions.item_booklet":1,"stat.useItem.minecraft.cooked_beef":5,"stat.pickup.minecraft.redstone":221,"stat.mineBlock.minecraft.iron_ore":225,"stat.timeSinceDeath":144684,"stat.pickup.minecraft.mutton":6,"stat.killEntity.Bat":1,"stat.pickup.harvestcraft.whitemushroomitem":1,"stat.pickup.harvestcraft.beanitem":2,"stat.mineBlock.thermalfoundation.ore":181,"stat.mineBlock.minecraft.coal_ore":359,"stat.craftItem.thermalexpansion.tank":2,"stat.killEntity.Creeper":1,"stat.pickup.extrautils2.ingredients":4,"stat.pickup.minecraft.string":34,"stat.craftItem.minecraft.stone_slab2":0,"stat.useItem.minecraft.written_book":1,"stat.craftItem.tconstruct.tooltables":10,"stat.sprintOneCm":332324,"stat.craftItem.minecraft.stick":128,"stat.pickup.biomesoplenty.ash":32,"stat.pickup.ic2.resource":4,"stat.craftItem.minecraft.stone":64,"stat.mineBlock.minecraft.diamond_ore":23,"stat.mineBlock.harvestcraft.pamapple":8,"stat.mineBlock.minecraft.crafting_table":2,"stat.useItem.minecraft.diamond_pickaxe":51,"stat.mineBlock.minecraft.quartz_block":18,"stat.pickup.botania.flower":2,"stat.drop":5,"stat.killEntity.Sheep":4,"stat.pickup.tconstruct.ore":57,"stat.killEntity.Zombie":12,"stat.mineBlock.forestry.leaves.default.2":2,"stat.mineBlock.minecraft.gold_ore":12,"stat.diveOneCm":16473,"stat.drop.minecraft.diamond_pickaxe":1,"stat.pickup.harvestcraft.garlicitem":4,"stat.pickup.tconstruct.tooltables":1,"stat.mineBlock.botania.doubleflower1":1,"stat.pickup.minecraft.gravel":23,"stat.pickup.thaumcraft.curio":2,"stat.pickup.minecraft.stone_axe":1,"stat.useItem.minecraft.apple":14,"stat.pickup.minecraft.obsidian":18,"stat.pickup.harvestcraft.blackberryitem":4,"stat.jump":2165,"stat.pickup.minecraft.coal":356,"stat.pickup.minecraft.iron_ingot":7,"stat.useItem.minecraft.stone_axe":176,"stat.pickup.minecraft.gunpowder":2,"stat.mineBlock.harvestcraft.shadedgarden":13,"stat.pickup.minecraft.spider_eye":7,"stat.craftItem.minecraft.torch":220,"stat.pickup.minecraft.dirt":77,"stat.pickup.actuallyadditions.block_misc":34,"stat.pickup.minecraft.iron_ore":225,"stat.pickup.minecraft.gold_ore":12,"stat.mineBlock.minecraft.lapis_ore":7,"stat.craftItem.minecraft.flint_and_steel":1,"stat.mineBlock.tconstruct.tooltables":1,"stat.damageTaken":2375,"stat.pickup.minecraft.leather":7,"stat.mineBlock.minecraft.torch":27,"stat.pickup.harvestcraft.blueberryitem":1,"stat.pickup.minecraft.reeds":6,"stat.pickup.minecraft.quartz_block":18,"stat.entityKilledBy.Zombie":1,"stat.damageDealt":8436,"stat.sleepInBed":5,"stat.killEntity.Silverfish":6,"stat.killEntity.Cow":7,"stat.killEntity.Pig":3,"stat.craftItem.minecraft.iron_sword":1,"stat.mineBlock.harvestcraft.pampear":4,"stat.craftItem.minecraft.stone_shovel":2,"stat.walkOneCm":921351,"stat.playerKills":2,"stat.useItem.minecraft.chest":1,"stat.pickup.minecraft.stick":9,"stat.pickup.minecraft.diamond_pickaxe":2,"stat.pickup.minecraft.clay_ball":64,"stat.useItem.minecraft.lava_bucket":1,"stat.mineBlock.chisel.basalt2":21,"stat.pickup.harvestcraft.spiceleafitem":2,"stat.pickup.minecraft.stone":158,"stat.pickup.harvestcraft.zucchiniitem":4,"stat.killEntity.Skeleton":9,"stat.pickup.forestry.apatite":17,"stat.craftItem.forestry.digger_bag":3,"stat.pickup.thaumcraft.ore_cinnabar":10,"stat.pickup.harvestcraft.queenbeeitem":1,"stat.killEntity.Spider":9,"stat.mineBlock.minecraft.quartz_ore":49,"stat.mineBlock.forestry.resources":4,"stat.mobKills":51,"stat.pickup.minecraft.quartz":59,"stat.craftItem.minecraft.shears":1,"stat.pickup.minecraft.diamond":23,"stat.mineBlock.minecraft.leaves":100,"stat.pickup.minecraft.torch":36,"stat.pickup.thaumcraft.brain":1,"stat.mineBlock.minecraft.redstone_ore":50,"stat.mineBlock.harvestcraft.soggygarden":4,"stat.mineBlock.minecraft.stone":1785,"stat.craftItem.actuallyadditions.block_giant_chest":2,"stat.useItem.tconstruct.hatchet":5}