{"stat.pickup.tconstruct.book":1,"stat.pickup.forestry.digger_bag":1,"stat.leaveGame":5,"stat.craftItem.thermalfoundation.wrench":2,"stat.mineBlock.thaumcraft.ore_quartz":7,"stat.pickup.extrautils2.redorchid":1,"stat.mineBlock.ic2.rubber_wood":7,"stat.pickup.gravestone.death_info":4,"stat.craftItem.opencomputers.assembler":1,"stat.pickup.binniecore.glass":2,"stat.pickup.opencomputers.storage":1,"stat.useItem.thermalfoundation.ore":1,"stat.pickup.minecraft.glass":3,"stat.mineBlock.gravestone.gravestone":1,"stat.mineBlock.deepresonance.resonating_ore":5,"stat.useItem.minecraft.water_bucket":3,"stat.pickup.minecraft.rotten_flesh":8,"stat.pickup.minecraft.sand":65,"stat.entityKilledBy.Spider":3,"stat.craftItem.minecraft.stone_axe":2,"stat.pickup.forestry.miner_bag":1,"stat.useItem.extratrees.food":6,"stat.craftItem.minecraft.stone_sword":1,"stat.pickup.harvestcraft.radishitem":2,"stat.pickup.minecraft.brown_mushroom":7,"stat.mineBlock.minecraft.sand":76,"stat.drop.minecraft.sand":40,"stat.useItem.minecraft.iron_pickaxe":1002,"stat.craftItem.minecraft.wooden_pickaxe":1,"stat.pickup.valkyrielib.guide":1,"stat.pickup.astralsorcery.itemjournal":1,"stat.craftItem.minecraft.glass_pane":16,"stat.pickup.opencomputers.robot":1,"stat.mineBlock.chisel.marble2":20,"stat.furnaceInteraction":73,"stat.mineBlock.botania.flower":1,"stat.killEntity.ZombieVillager":1,"stat.pickup.actuallyadditions.item_solidified_experience":4,"stat.craftItem.thermalfoundation.material":70,"stat.pickup.minecraft.furnace":1,"stat.useItem.minecraft.cooked_mutton":4,"stat.pickup.thaumcraft.crystal_essence":2,"stat.mineBlock.astralsorcery.blockmarble":5,"stat.useItem.opencomputers.tool":6,"stat.deaths":14,"stat.pickup.minecraft.egg":3,"stat.playOneMinute":424052,"stat.craftItem.minecraft.wooden_shovel":1,"stat.craftItem.minecraft.iron_pickaxe":5,"stat.mineBlock.actuallyadditions.block_wild":1,"stat.drop.opencomputers.tool":3,"stat.pickup.minecraft.iron_bars":82,"stat.pickup.chisel.marble2":20,"stat.mineBlock.minecraft.tallgrass":53,"stat.craftItem.minecraft.cooked_mutton":4,"stat.chestOpened":2,"stat.pickup.thermalfoundation.wrench":1,"stat.pickup.minecraft.arrow":4,"stat.pickup.minecraft.gold_nugget":1,"stat.craftItem.minecraft.coal":14,"stat.craftItem.minecraft.iron_nugget":54,"stat.fallOneCm":27752,"stat.pickup.chisel.basalt2":1,"stat.craftItem.opencomputers.disassembler":1,"stat.crouchOneCm":102370,"stat.craftItem.minecraft.iron_ingot":130,"stat.craftItem.minecraft.chest":4,"stat.craftingTableInteraction":97,"stat.drop.thermalfoundation.ore":1,"stat.mineBlock.harvestcraft.pamnutmeg":1,"stat.pickup.minecraft.wooden_pickaxe":1,"stat.useItem.minecraft.furnace":3,"stat.craftItem.tconstruct.materials":58,"stat.pickup.theoneprobe.probenote":1,"stat.pickup.minecraft.dye":49,"stat.pickup.minecraft.planks":105,"stat.pickup.minecraft.wheat_seeds":5,"stat.mineBlock.minecraft.gravel":195,"stat.useItem.minecraft.stone_pickaxe":185,"stat.drop.integrateddynamics.on_the_dynamics_of_integration":1,"stat.useItem.minecraft.stone_sword":83,"stat.mineBlock.minecraft.dirt":163,"stat.craftItem.opencomputers.material":121,"stat.craftItem.minecraft.golden_pickaxe":1,"stat.drop.minecraft.stick":12,"stat.useItem.minecraft.torch":97,"stat.pickup.immersiveengineering.seed":3,"stat.pickup.minecraft.crafting_table":3,"stat.useItem.minecraft.cobblestone":90,"stat.craftItem.minecraft.crafting_table":5,"stat.pickup.opencomputers.card":1,"stat.pickup.minecraft.redstone_block":29,"stat.pickup.minecraft.log":166,"stat.pickup.minecraft.iron_pickaxe":1,"stat.craftItem.minecraft.gold_ingot":18,"stat.mineBlock.opencomputers.case2":1,"stat.mineBlock.opencomputers.case1":5,"stat.pickup.minecraft.sapling":15,"stat.pickup.minecraft.apple":4,"stat.mineBlock.opencomputers.robot":1,"stat.craftItem.minecraft.bucket":3,"stat.craftItem.minecraft.planks":152,"stat.mineBlock.minecraft.log":137,"stat.craftItem.opencomputers.card":1,"stat.pickup.forestry.book_forester":1,"stat.craftItem.opencomputers.case2":1,"stat.craftItem.opencomputers.case1":1,"stat.craftItem.minecraft.paper":9,"stat.craftItem.opencomputers.case3":1,"stat.drop.tconstruct.hatchet":1,"stat.pickup.harvestcraft.pearitem":2,"stat.pickup.thaumcraft.amber":7,"stat.sneakTime":33075,"stat.pickup.minecraft.wool":2,"stat.useItem.minecraft.wooden_axe":19,"stat.mineBlock.thaumcraft.ore_cinnabar":6,"stat.pickup.minecraft.bone":5,"stat.useItem.harvestcraft.veggiestripsitem":7,"stat.mineBlock.minecraft.cobblestone":20,"stat.pickup.minecraft.stone_pickaxe":1,"stat.pickup.minecraft.flint":20,"stat.pickup.opencomputers.component":2,"stat.craftItem.botania.petal":2,"stat.mineBlock.actuallyadditions.block_misc":30,"stat.mineBlock.minecraft.brown_mushroom":5,"stat.mineBlock.appliedenergistics2.quartz_ore":10,"stat.swimOneCm":20480,"stat.craftItem.minecraft.clock":3,"stat.mineBlock.thaumcraft.ore_amber":5,"stat.drop.minecraft.cobblestone":39,"stat.useItem.minecraft.dirt":8,"stat.useItem.minecraft.stone_slab2":40,"stat.craftItem.minecraft.furnace":11,"stat.pickup.thermalfoundation.ore":152,"stat.useItem.minecraft.golden_pickaxe":9,"stat.craftItem.minecraft.stone_pickaxe":4,"stat.pickup.minecraft.cobblestone":1344,"stat.craftItem.opencomputers.component":4,"stat.mineBlock.minecraft.clay":4,"stat.mineBlock.minecraft.redstone_block":29,"stat.pickup.harvestcraft.teaitem":2,"stat.pickup.extratrees.hops":3,"stat.useItem.minecraft.stone_shovel":390,"stat.flyOneCm":201562,"stat.pickup.appliedenergistics2.material":13,"stat.pickup.opencomputers.case1":5,"stat.pickup.opencomputers.case2":1,"stat.pickup.minecraft.cactus":1,"stat.craftItem.botania.dye":1,"stat.pickup.minecraft.redstone":246,"stat.mineBlock.minecraft.iron_ore":113,"stat.timeSinceDeath":130626,"stat.pickup.integrateddynamics.on_the_dynamics_of_integration":5,"stat.pickup.minecraft.mutton":4,"stat.pickup.harvestcraft.beanitem":1,"stat.pickup.minecraft.wooden_axe":1,"stat.mineBlock.thermalfoundation.ore":155,"stat.drop.minecraft.dirt":64,"stat.mineBlock.minecraft.coal_ore":43,"stat.drop.minecraft.wool":1,"stat.killEntity.Creeper":1,"stat.pickup.extrautils2.ingredients":6,"stat.pickup.minecraft.string":3,"stat.entityKilledBy.Skeleton":4,"stat.craftItem.opencomputers.tool":2,"stat.craftItem.minecraft.stone_slab2":0,"stat.craftItem.tconstruct.tooltables":1,"stat.sprintOneCm":226766,"stat.pickup.minecraft.paper":1,"stat.pickup.opencomputers.material":1,"stat.craftItem.minecraft.stick":120,"stat.craftItem.minecraft.wooden_axe":1,"stat.craftItem.opencomputers.storage":3,"stat.drop.thermalfoundation.wrench":1,"stat.craftItem.thermalexpansion.dynamo":5,"stat.craftItem.minecraft.gold_nugget":63,"stat.mineBlock.harvestcraft.pamapple":1,"stat.mineBlock.minecraft.crafting_table":2,"stat.useItem.minecraft.diamond_pickaxe":840,"stat.useItem.minecraft.wooden_shovel":20,"stat.craftItem.minecraft.wooden_pressure_plate":1,"stat.entityKilledBy.Creeper":1,"stat.pickup.botania.flower":2,"stat.drop":25,"stat.killEntity.Sheep":2,"stat.craftItem.minecraft.diamond_pickaxe":2,"stat.killEntity.Zombie":8,"stat.pickup.opencomputers.tool":7,"stat.craftItem.minecraft.dye":3,"stat.craftItem.minecraft.clay":2,"stat.mineBlock.minecraft.gold_ore":21,"stat.diveOneCm":23823,"stat.drop.minecraft.diamond_pickaxe":1,"stat.pickup.tconstruct.tooltables":1,"stat.craftItem.minecraft.piston":7,"stat.pickup.minecraft.gravel":178,"stat.useItem.minecraft.apple":4,"stat.pickup.minecraft.obsidian":2,"stat.pickup.tconstruct.hatchet":1,"stat.jump":1209,"stat.useItem.minecraft.sand":7,"stat.pickup.minecraft.coal":42,"stat.pickup.deepresonance.resonating_ore":4,"stat.pickup.minecraft.iron_ingot":50,"stat.craftItem.botania.pestleandmortar":1,"stat.useItem.minecraft.stone_axe":152,"stat.mineBlock.harvestcraft.shadedgarden":4,"stat.craftItem.minecraft.torch":164,"stat.pickup.minecraft.dirt":173,"stat.pickup.actuallyadditions.block_misc":26,"stat.pickup.minecraft.iron_ore":114,"stat.pickup.minecraft.gold_ore":40,"stat.mineBlock.minecraft.lapis_ore":8,"stat.pickup.actuallyadditions.item_flax_seed":2,"stat.pickup.actuallyadditions.item_coffee_seed":1,"stat.mineBlock.tconstruct.tooltables":1,"stat.damageTaken":4238,"stat.craftItem.minecraft.iron_bars":32,"stat.useItem.harvestcraft.teaitem":1,"stat.mineBlock.minecraft.furnace":1,"stat.mineBlock.minecraft.torch":6,"stat.mineBlock.minecraft.red_flower":2,"stat.useItem.minecraft.wooden_pickaxe":3,"stat.useItem.harvestcraft.radishitem":2,"stat.useItem.thaumcraft.brain":2,"stat.pickup.ic2.rubber_wood":7,"stat.pickup.minecraft.reeds":46,"stat.entityKilledBy.Zombie":2,"stat.damageDealt":3073,"stat.craftItem.minecraft.glass":11,"stat.sleepInBed":3,"stat.craftItem.minecraft.bowl":8,"stat.mineBlock.harvestcraft.pampear":2,"stat.craftItem.minecraft.stone_shovel":4,"stat.walkOneCm":719099,"stat.pickup.minecraft.stick":7,"stat.pickup.minecraft.diamond_pickaxe":1,"stat.pickup.minecraft.clay_ball":23,"stat.drop.opencomputers.material":1,"stat.mineBlock.chisel.basalt2":3,"stat.pickup.minecraft.stone":128,"stat.useItem.minecraft.cactus":8,"stat.pickup.actuallyadditions.item_coffee_beans":2,"stat.killEntity.Skeleton":4,"stat.pickup.forestry.apatite":82,"stat.pickup.thaumcraft.ore_cinnabar":6,"stat.killEntity.Spider":1,"stat.mineBlock.forestry.resources":24,"stat.pickup.astralsorcery.itemcraftingcomponent":1,"stat.mobKills":16,"stat.pickup.minecraft.quartz":7,"stat.mineBlock.minecraft.leaves":24,"stat.pickup.minecraft.torch":14,"stat.pickup.thaumcraft.brain":2,"stat.mineBlock.minecraft.redstone_ore":53,"stat.pickup.astralsorcery.blockmarble":5,"stat.mineBlock.astralsorcery.blockcustomsandore":1,"stat.drop.minecraft.stone_axe":1,"stat.mineBlock.minecraft.stone":1456}