{"stat.pickup.tconstruct.book":1,"stat.pickup.forestry.digger_bag":1,"stat.mineBlock.opencomputers.screen3":1,"stat.leaveGame":11,"stat.craftItem.thermalfoundation.wrench":2,"stat.mineBlock.thaumcraft.ore_quartz":7,"stat.pickup.extrautils2.redorchid":1,"stat.drop.minecraft.redstone":2,"stat.mineBlock.ic2.rubber_wood":7,"stat.pickup.gravestone.death_info":6,"stat.craftItem.opencomputers.assembler":1,"stat.craftItem.minecraft.string":14,"stat.pickup.binniecore.glass":2,"stat.pickup.minecraft.glowstone_dust":111,"stat.pickup.opencomputers.storage":4,"stat.useItem.thermalfoundation.ore":1,"stat.pickup.minecraft.glass":8,"stat.mineBlock.gravestone.gravestone":1,"stat.mineBlock.deepresonance.resonating_ore":5,"stat.useItem.minecraft.water_bucket":3,"stat.pickup.minecraft.rotten_flesh":8,"stat.pickup.minecraft.sand":65,"stat.entityKilledBy.Spider":3,"stat.craftItem.minecraft.stone_axe":2,"stat.pickup.forestry.miner_bag":1,"stat.drop.rftoolsdim.dimlet_control_circuit":1,"stat.useItem.extratrees.food":6,"stat.craftItem.minecraft.stone_sword":1,"stat.pickup.harvestcraft.radishitem":2,"stat.pickup.minecraft.brown_mushroom":7,"stat.mineBlock.minecraft.sand":76,"stat.mineBlock.biomesoplenty.ash_block":4,"stat.drop.minecraft.sand":40,"stat.pickup.harvestcraft.scallionitem":2,"stat.useItem.minecraft.iron_pickaxe":1002,"stat.craftItem.minecraft.wooden_pickaxe":1,"stat.pickup.valkyrielib.guide":1,"stat.pickup.astralsorcery.itemjournal":1,"stat.craftItem.minecraft.glass_pane":16,"stat.pickup.opencomputers.robot":1,"stat.mineBlock.chisel.marble2":20,"stat.furnaceInteraction":79,"stat.mineBlock.botania.flower":1,"stat.killEntity.ZombieVillager":1,"stat.pickup.tconstruct.cleaver":1,"stat.pickup.actuallyadditions.item_solidified_experience":4,"stat.craftItem.thermalfoundation.material":70,"stat.pickup.minecraft.furnace":1,"stat.useItem.minecraft.cooked_mutton":4,"stat.pickup.thaumcraft.crystal_essence":2,"stat.mineBlock.astralsorcery.blockmarble":5,"stat.useItem.opencomputers.tool":9,"stat.craftItem.minecraft.dropper":1,"stat.pickup.opencomputers.screen3":2,"stat.deaths":20,"stat.pickup.minecraft.egg":3,"stat.playOneMinute":640504,"stat.craftItem.minecraft.wooden_shovel":1,"stat.craftItem.minecraft.iron_pickaxe":5,"stat.pickup.rftoolsdim.dimlet_type_controller":2,"stat.mineBlock.actuallyadditions.block_wild":1,"stat.pickup.minecraft.glass_pane":15,"stat.drop.opencomputers.tool":3,"stat.pickup.minecraft.iron_bars":82,"stat.pickup.chisel.marble2":20,"stat.mineBlock.minecraft.tallgrass":53,"stat.craftItem.minecraft.cooked_mutton":4,"stat.pickup.minecraft.netherrack":94,"stat.pickup.harvestcraft.cottonitem":33,"stat.chestOpened":7,"stat.pickup.thermalfoundation.wrench":1,"stat.useItem.minecraft.stone":1,"stat.mineBlock.minecraft.netherrack":144,"stat.pickup.minecraft.arrow":4,"stat.pickup.minecraft.gold_nugget":4,"stat.craftItem.minecraft.coal":14,"stat.craftItem.minecraft.iron_nugget":72,"stat.fallOneCm":36104,"stat.pickup.chisel.basalt2":10,"stat.drop.minecraft.stone_sword":2,"stat.craftItem.opencomputers.disassembler":1,"stat.crouchOneCm":115773,"stat.craftItem.minecraft.iron_ingot":130,"stat.craftItem.minecraft.chest":5,"stat.craftingTableInteraction":134,"stat.drop.thermalfoundation.ore":1,"stat.mineBlock.harvestcraft.pamnutmeg":1,"stat.craftItem.tconstruct.pattern":4,"stat.pickup.minecraft.wooden_pickaxe":1,"stat.useItem.minecraft.furnace":3,"stat.craftItem.tconstruct.materials":58,"stat.pickup.theoneprobe.probenote":1,"stat.pickup.minecraft.dye":53,"stat.pickup.minecraft.planks":179,"stat.pickup.minecraft.wheat_seeds":5,"stat.mineBlock.minecraft.gravel":195,"stat.useItem.minecraft.stone_pickaxe":185,"stat.drop.integrateddynamics.on_the_dynamics_of_integration":1,"stat.mineBlock.minecraft.glass":1,"stat.useItem.minecraft.stone_sword":85,"stat.mineBlock.minecraft.dirt":168,"stat.craftItem.opencomputers.material":136,"stat.craftItem.minecraft.golden_pickaxe":1,"stat.drop.minecraft.stick":12,"stat.pickup.tconstruct.pattern":6,"stat.useItem.minecraft.torch":100,"stat.pickup.immersiveengineering.seed":3,"stat.pickup.harvestcraft.maplesyrupitem":2,"stat.pickup.minecraft.iron_nugget":6,"stat.pickup.minecraft.crafting_table":4,"stat.useItem.minecraft.cobblestone":100,"stat.craftItem.minecraft.crafting_table":6,"stat.pickup.opencomputers.card":3,"stat.pickup.minecraft.redstone_block":29,"stat.pickup.minecraft.log":210,"stat.mineBlock.harvestcraft.pammaple":1,"stat.pickup.minecraft.iron_pickaxe":1,"stat.craftItem.minecraft.stone_button":46,"stat.useItem.tconstruct.pickaxe":174,"stat.craftItem.minecraft.gold_ingot":18,"stat.mineBlock.opencomputers.case2":1,"stat.mineBlock.opencomputers.case3":1,"stat.mineBlock.opencomputers.case1":5,"stat.pickup.minecraft.sapling":15,"stat.pickup.minecraft.apple":4,"stat.mineBlock.opencomputers.robot":1,"stat.craftItem.minecraft.bucket":3,"stat.pickup.opencomputers.keyboard":7,"stat.craftItem.minecraft.planks":204,"stat.pickup.minecraft.stone_sword":2,"stat.mineBlock.minecraft.log":151,"stat.craftItem.opencomputers.card":2,"stat.pickup.forestry.book_forester":1,"stat.craftItem.opencomputers.case2":1,"stat.craftItem.opencomputers.case1":1,"stat.craftItem.minecraft.paper":45,"stat.craftItem.opencomputers.case3":1,"stat.drop.tconstruct.hatchet":1,"stat.pickup.harvestcraft.pearitem":2,"stat.pickup.thaumcraft.amber":7,"stat.sneakTime":37730,"stat.pickup.minecraft.wool":2,"stat.useItem.minecraft.wooden_axe":19,"stat.mineBlock.thaumcraft.ore_cinnabar":6,"stat.pickup.minecraft.bone":5,"stat.useItem.harvestcraft.veggiestripsitem":7,"stat.useItem.minecraft.iron_axe":19,"stat.mineBlock.minecraft.cobblestone":22,"stat.pickup.minecraft.stone_pickaxe":1,"stat.pickup.minecraft.flint":20,"stat.pickup.opencomputers.component":5,"stat.craftItem.botania.petal":2,"stat.mineBlock.actuallyadditions.block_misc":35,"stat.mineBlock.minecraft.brown_mushroom":5,"stat.mineBlock.appliedenergistics2.quartz_ore":10,"stat.swimOneCm":22022,"stat.craftItem.minecraft.clock":3,"stat.mineBlock.thaumcraft.ore_amber":5,"stat.drop.minecraft.cobblestone":40,"stat.useItem.minecraft.dirt":8,"stat.drop.minecraft.quartz":2,"stat.useItem.minecraft.stone_slab2":52,"stat.craftItem.minecraft.furnace":12,"stat.pickup.thermalfoundation.ore":182,"stat.mineBlock.opencomputers.keyboard":7,"stat.useItem.minecraft.golden_pickaxe":9,"stat.craftItem.minecraft.stone_pickaxe":4,"stat.pickup.minecraft.cobblestone":1698,"stat.craftItem.opencomputers.component":4,"stat.mineBlock.minecraft.clay":4,"stat.mineBlock.minecraft.redstone_block":29,"stat.pickup.harvestcraft.teaitem":2,"stat.pickup.extratrees.hops":3,"stat.useItem.minecraft.stone_shovel":394,"stat.flyOneCm":229559,"stat.pickup.appliedenergistics2.material":15,"stat.pickup.opencomputers.case1":9,"stat.pickup.opencomputers.case2":1,"stat.pickup.opencomputers.case3":1,"stat.pickup.minecraft.cactus":1,"stat.craftItem.botania.dye":1,"stat.pickup.harvestcraft.leekitem":1,"stat.pickup.minecraft.redstone":316,"stat.mineBlock.minecraft.iron_ore":113,"stat.craftItem.minecraft.book":1,"stat.timeSinceDeath":137962,"stat.pickup.integrateddynamics.on_the_dynamics_of_integration":5,"stat.pickup.minecraft.mutton":4,"stat.drop.rftoolsdim.dimlet_type_controller":1,"stat.craftItem.opencomputers.keyboard":1,"stat.pickup.harvestcraft.beanitem":1,"stat.pickup.minecraft.wooden_axe":1,"stat.mineBlock.thermalfoundation.ore":181,"stat.drop.minecraft.dirt":64,"stat.mineBlock.minecraft.coal_ore":58,"stat.drop.minecraft.wool":1,"stat.killEntity.Creeper":1,"stat.pickup.extrautils2.ingredients":10,"stat.pickup.minecraft.string":5,"stat.pickup.rftoolsdim.dimlet_control_circuit":1,"stat.entityKilledBy.Skeleton":4,"stat.craftItem.opencomputers.tool":3,"stat.craftItem.minecraft.stone_slab2":0,"stat.craftItem.tconstruct.tooltables":1,"stat.craftItem.opencomputers.screen1":1,"stat.sprintOneCm":289313,"stat.pickup.minecraft.paper":46,"stat.craftItem.opencomputers.screen3":1,"stat.pickup.opencomputers.material":14,"stat.craftItem.minecraft.stick":160,"stat.craftItem.minecraft.wooden_axe":1,"stat.craftItem.opencomputers.storage":5,"stat.drop.thermalfoundation.wrench":1,"stat.craftItem.thermalexpansion.dynamo":5,"stat.craftItem.minecraft.gold_nugget":72,"stat.mineBlock.harvestcraft.pamapple":1,"stat.mineBlock.minecraft.crafting_table":3,"stat.useItem.minecraft.diamond_pickaxe":1022,"stat.useItem.minecraft.wooden_shovel":20,"stat.craftItem.minecraft.wooden_pressure_plate":1,"stat.entityKilledBy.Creeper":1,"stat.pickup.botania.flower":2,"stat.drop":36,"stat.pickup.minecraft.stone_button":9,"stat.craftItem.opencomputers.upgrade":1,"stat.killEntity.Sheep":2,"stat.craftItem.minecraft.diamond_pickaxe":2,"stat.killEntity.Zombie":8,"stat.pickup.opencomputers.tool":7,"stat.craftItem.minecraft.dye":3,"stat.craftItem.minecraft.clay":2,"stat.mineBlock.minecraft.gold_ore":21,"stat.diveOneCm":23946,"stat.drop.minecraft.diamond_pickaxe":1,"stat.pickup.tconstruct.tooltables":1,"stat.craftItem.minecraft.piston":8,"stat.pickup.minecraft.gravel":193,"stat.useItem.minecraft.apple":4,"stat.pickup.minecraft.obsidian":18,"stat.pickup.tconstruct.hatchet":1,"stat.pickup.harvestcraft.blackberryitem":1,"stat.craftItem.minecraft.diamond_sword":1,"stat.jump":1495,"stat.useItem.minecraft.sand":7,"stat.pickup.minecraft.coal":55,"stat.pickup.deepresonance.resonating_ore":4,"stat.pickup.minecraft.iron_ingot":50,"stat.craftItem.botania.pestleandmortar":1,"stat.craftItem.minecraft.lever":1,"stat.useItem.minecraft.stone_axe":152,"stat.mineBlock.harvestcraft.shadedgarden":5,"stat.craftItem.minecraft.torch":248,"stat.pickup.minecraft.dirt":177,"stat.pickup.actuallyadditions.block_misc":31,"stat.pickup.minecraft.iron_ore":114,"stat.useItem.minecraft.glass":1,"stat.pickup.minecraft.gold_ore":40,"stat.mineBlock.minecraft.lapis_ore":8,"stat.pickup.actuallyadditions.item_flax_seed":2,"stat.pickup.actuallyadditions.item_coffee_seed":1,"stat.mineBlock.tconstruct.tooltables":1,"stat.damageTaken":5118,"stat.craftItem.minecraft.iron_bars":32,"stat.useItem.harvestcraft.teaitem":1,"stat.mineBlock.minecraft.furnace":1,"stat.mineBlock.minecraft.torch":7,"stat.mineBlock.minecraft.red_flower":2,"stat.useItem.minecraft.wooden_pickaxe":3,"stat.useItem.harvestcraft.radishitem":2,"stat.useItem.thaumcraft.brain":2,"stat.pickup.ic2.rubber_wood":7,"stat.pickup.minecraft.reeds":46,"stat.entityKilledBy.Zombie":2,"stat.damageDealt":3215,"stat.craftItem.minecraft.glass":18,"stat.sleepInBed":3,"stat.craftItem.minecraft.bowl":8,"stat.mineBlock.harvestcraft.pampear":2,"stat.craftItem.minecraft.stone_shovel":4,"stat.walkOneCm":865889,"stat.pickup.minecraft.stick":7,"stat.pickup.minecraft.diamond_pickaxe":1,"stat.drop.appliedenergistics2.material":2,"stat.pickup.minecraft.clay_ball":23,"stat.drop.opencomputers.material":1,"stat.mineBlock.chisel.basalt2":3,"stat.pickup.minecraft.stone":283,"stat.useItem.minecraft.cactus":8,"stat.pickup.actuallyadditions.item_coffee_beans":2,"stat.useItem.minecraft.netherrack":63,"stat.pickup.minecraft.gold_ingot":16,"stat.killEntity.Skeleton":4,"stat.pickup.forestry.apatite":82,"stat.pickup.thaumcraft.ore_cinnabar":6,"stat.killEntity.Spider":1,"stat.mineBlock.forestry.resources":24,"stat.pickup.astralsorcery.itemcraftingcomponent":1,"stat.mineBlock.minecraft.glowstone":13,"stat.mobKills":16,"stat.pickup.minecraft.quartz":8,"stat.mineBlock.minecraft.leaves":26,"stat.pickup.minecraft.torch":14,"stat.pickup.thaumcraft.brain":2,"stat.mineBlock.minecraft.redstone_ore":61,"stat.pickup.astralsorcery.blockmarble":5,"stat.mineBlock.astralsorcery.blockcustomsandore":1,"stat.drop.minecraft.stone_axe":1,"stat.mineBlock.minecraft.stone":1585}