{"stat.pickup.draconicevolution.draconium_dust":24,"stat.leaveGame":9,"stat.mineBlock.thaumcraft.ore_quartz":12,"stat.craftItem.minecraft.iron_axe":2,"stat.pickup.minecraft.lapis_block":2,"stat.pickup.gravestone.death_info":2,"stat.craftItem.minecraft.string":38,"stat.mineBlock.harvestcraft.beehive":1,"stat.mineBlock.minecraft.web":6,"stat.pickup.binniecore.glass":1,"stat.pickup.minecraft.glowstone_dust":36,"stat.pickup.minecraft.porkchop":5,"stat.mineBlock.deepresonance.resonating_ore":4,"stat.useItem.minecraft.water_bucket":23,"stat.pickup.minecraft.rotten_flesh":17,"stat.pickup.minecraft.sand":260,"stat.craftItem.minecraft.stone_axe":1,"stat.craftItem.actuallyadditions.block_misc":2,"stat.pickup.forestry.miner_bag":1,"stat.pickup.harvestcraft.sweetpotatoitem":4,"stat.useItem.extratrees.food":14,"stat.craftItem.minecraft.stone_sword":2,"stat.pickup.harvestcraft.radishitem":3,"stat.useItem.harvestcraft.hotdogitem":1,"stat.pickup.minecraft.brown_mushroom":2,"stat.mineBlock.minecraft.sand":261,"stat.mineBlock.biomesoplenty.ash_block":18,"stat.pickup.harvestcraft.scallionitem":2,"stat.useItem.minecraft.iron_pickaxe":2665,"stat.pickup.harvestcraft.rhubarbitem":6,"stat.craftItem.minecraft.bed":1,"stat.craftItem.forestry.miner_bag":3,"stat.drop.gravestone.death_info":1,"stat.furnaceInteraction":74,"stat.pickup.harvestcraft.cherryitem":6,"stat.mineBlock.botania.flower":1,"stat.killEntity.ZombieVillager":2,"stat.pickup.actuallyadditions.item_solidified_experience":10,"stat.craftItem.thermalfoundation.material":19,"stat.pickup.minecraft.beef":16,"stat.useItem.minecraft.cooked_mutton":6,"stat.pickup.harvestcraft.brusselsproutitem":1,"stat.pickup.minecraft.skull":3,"stat.mineBlock.tconstruct.ore":108,"stat.pickup.tconstruct.hammer":1,"stat.useItem.minecraft.flint_and_steel":6,"stat.pickup.thaumcraft.crystal_essence":57,"stat.pickup.thaumcraft.nugget":3,"stat.pickup.minecraft.emerald":1,"stat.deaths":7,"stat.pickup.minecraft.egg":3,"stat.playOneMinute":420459,"stat.craftItem.minecraft.iron_pickaxe":18,"stat.craftItem.minecraft.cooked_mutton":6,"stat.mineBlock.minecraft.tallgrass":2,"stat.pickup.minecraft.netherrack":1701,"stat.pickup.harvestcraft.cottonitem":23,"stat.pickup.tconstruct.seared":3,"stat.chestOpened":51,"stat.pickup.harvestcraft.tomatoitem":4,"stat.pickup.botania.mushroom":1,"stat.pickup.tconstruct.casting":1,"stat.mineBlock.minecraft.netherrack":1873,"stat.pickup.minecraft.arrow":14,"stat.mineBlock.appliedenergistics2.charged_quartz_ore":4,"stat.craftItem.minecraft.coal":32,"stat.pickup.tconstruct.cast_custom":1,"stat.fallOneCm":64014,"stat.mineBlock.harvestcraft.pamhazelnut":1,"stat.pickup.chisel.basalt2":17,"stat.crouchOneCm":34503,"stat.craftItem.tconstruct.toolforge":2,"stat.craftItem.minecraft.chest":19,"stat.craftItem.minecraft.iron_ingot":90,"stat.craftingTableInteraction":48,"stat.mineBlock.ic2.resource":4,"stat.craftItem.tconstruct.pattern":28,"stat.useItem.minecraft.reeds":5,"stat.mineBlock.harvestcraft.pamcherry":3,"stat.craftItem.tconstruct.materials":15,"stat.pickup.minecraft.dye":87,"stat.pickup.chisel.limestone2":3,"stat.pickup.minecraft.wheat_seeds":1,"stat.mineBlock.minecraft.gravel":42,"stat.useItem.minecraft.stone_pickaxe":456,"stat.useItem.minecraft.stone_sword":210,"stat.pickup.minecraft.redstone_ore":2,"stat.mineBlock.minecraft.dirt":31,"stat.mineBlock.minecraft.monster_egg":2,"stat.pickup.minecraft.flint_and_steel":1,"stat.useItem.minecraft.torch":227,"stat.useItem.minecraft.bread":2,"stat.pickup.harvestcraft.maplesyrupitem":1,"stat.drop.botania.flower":1,"stat.drop.minecraft.rotten_flesh":2,"stat.useItem.minecraft.log":5,"stat.pickup.minecraft.crafting_table":2,"stat.useItem.minecraft.cobblestone":308,"stat.mineBlock.draconicevolution.draconium_ore":10,"stat.craftItem.minecraft.crafting_table":5,"stat.pickup.opencomputers.card":1,"stat.mineBlock.minecraft.emerald_ore":1,"stat.mineBlock.harvestcraft.pamgooseberry":7,"stat.pickup.minecraft.redstone_block":11,"stat.pickup.minecraft.log":203,"stat.pickup.harvestcraft.hazelnutitem":2,"stat.useItem.harvestcraft.sweetpotatoitem":23,"stat.useItem.tconstruct.pickaxe":773,"stat.craftItem.minecraft.gold_ingot":54,"stat.pickup.minecraft.web":2,"stat.pickup.minecraft.sapling":69,"stat.pickup.minecraft.apple":14,"stat.craftItem.minecraft.bucket":1,"stat.craftItem.minecraft.planks":380,"stat.useItem.minecraft.iron_sword":24,"stat.pickup.minecraft.stone_sword":1,"stat.mineBlock.minecraft.log":206,"stat.pickup.harvestcraft.pearitem":8,"stat.sneakTime":14394,"stat.pickup.harvestcraft.tealeafitem":1,"stat.pickup.thaumcraft.amber":2,"stat.pickup.minecraft.wool":37,"stat.mineBlock.thaumcraft.crystal_perditio":8,"stat.pickup.harvestcraft.gooseberryitem":11,"stat.mineBlock.thaumcraft.ore_cinnabar":12,"stat.useItem.minecraft.web":1,"stat.pickup.minecraft.bone":18,"stat.craftItem.storagedrawers.basicdrawers":2,"stat.useItem.harvestcraft.veggiestripsitem":1,"stat.useItem.minecraft.iron_axe":105,"stat.mineBlock.minecraft.cobblestone":115,"stat.pickup.minecraft.stone_pickaxe":1,"stat.pickup.minecraft.flint":5,"stat.mineBlock.actuallyadditions.block_misc":45,"stat.craftItem.minecraft.wool":7,"stat.mineBlock.appliedenergistics2.quartz_ore":35,"stat.swimOneCm":32360,"stat.pickup.enderio.item_dark_steel_sword":1,"stat.mineBlock.thaumcraft.ore_amber":2,"stat.pickup.harvestcraft.okraitem":2,"stat.useItem.minecraft.obsidian":10,"stat.useItem.minecraft.dirt":5,"stat.useItem.minecraft.stone_slab2":49,"stat.useItem.tconstruct.cleaver":2,"stat.useItem.harvestcraft.gooseberryitem":8,"stat.craftItem.minecraft.furnace":1,"stat.craftItem.minecraft.lapis_block":6,"stat.pickup.thermalfoundation.ore":208,"stat.useItem.minecraft.egg":3,"stat.craftItem.minecraft.stone_pickaxe":4,"stat.craftItem.minecraft.cooked_beef":5,"stat.mineBlock.minecraft.obsidian":33,"stat.pickup.minecraft.cobblestone":3046,"stat.killEntity.Firebat":3,"stat.mineBlock.minecraft.clay":16,"stat.useItem.minecraft.stone_shovel":261,"stat.mineBlock.chisel.limestone2":3,"stat.flyOneCm":352749,"stat.pickup.appliedenergistics2.material":52,"stat.pickup.actuallyadditions.item_booklet":1,"stat.entityKilledBy.Wisp":1,"stat.useItem.minecraft.cooked_beef":6,"stat.pickup.minecraft.cactus":7,"stat.pickup.minecraft.redstone":432,"stat.mineBlock.minecraft.iron_ore":291,"stat.craftItem.minecraft.book":6,"stat.timeSinceDeath":12410,"stat.pickup.minecraft.mutton":6,"stat.pickup.minecraft.mossy_cobblestone":50,"stat.craftItem.minecraft.iron_block":3,"stat.killEntity.Bat":1,"stat.pickup.harvestcraft.whitemushroomitem":1,"stat.pickup.harvestcraft.beanitem":2,"stat.mineBlock.thermalfoundation.ore":198,"stat.mineBlock.minecraft.coal_ore":402,"stat.craftItem.thermalexpansion.tank":2,"stat.killEntity.Creeper":2,"stat.pickup.extrautils2.ingredients":4,"stat.pickup.minecraft.string":38,"stat.craftItem.minecraft.stone_slab2":0,"stat.useItem.minecraft.written_book":1,"stat.craftItem.tconstruct.tooltables":10,"stat.sprintOneCm":487970,"stat.pickup.minecraft.paper":18,"stat.craftItem.minecraft.stick":128,"stat.mineBlock.biomesoplenty.grass":6,"stat.pickup.biomesoplenty.ash":80,"stat.pickup.ic2.resource":4,"stat.craftItem.minecraft.stone":64,"stat.mineBlock.minecraft.diamond_ore":23,"stat.drop.tconstruct.cleaver":1,"stat.mineBlock.harvestcraft.pamapple":8,"stat.mineBlock.minecraft.crafting_table":2,"stat.useItem.minecraft.diamond_pickaxe":51,"stat.mineBlock.minecraft.quartz_block":38,"stat.pickup.botania.flower":2,"stat.drop":7,"stat.mineBlock.thaumcraft.crystal_aqua":1,"stat.killEntity.Sheep":4,"stat.pickup.tconstruct.ore":128,"stat.killEntity.Zombie":17,"stat.mineBlock.forestry.leaves.default.2":2,"stat.useItem.tconstruct.hammer":3080,"stat.mineBlock.minecraft.gold_ore":18,"stat.diveOneCm":17413,"stat.drop.minecraft.diamond_pickaxe":1,"stat.pickup.harvestcraft.garlicitem":4,"stat.pickup.tconstruct.tooltables":3,"stat.mineBlock.minecraft.mossy_cobblestone":51,"stat.mineBlock.botania.doubleflower1":1,"stat.pickup.minecraft.gravel":83,"stat.pickup.thaumcraft.curio":2,"stat.pickup.minecraft.stone_axe":1,"stat.useItem.minecraft.apple":14,"stat.pickup.minecraft.obsidian":33,"stat.pickup.harvestcraft.blackberryitem":4,"stat.jump":2834,"stat.pickup.minecraft.coal":399,"stat.pickup.deepresonance.resonating_ore":4,"stat.pickup.minecraft.iron_ingot":7,"stat.useItem.minecraft.stone_axe":176,"stat.pickup.minecraft.gunpowder":5,"stat.mineBlock.harvestcraft.shadedgarden":13,"stat.pickup.minecraft.spider_eye":7,"stat.craftItem.minecraft.torch":220,"stat.pickup.minecraft.dirt":79,"stat.pickup.actuallyadditions.block_misc":45,"stat.pickup.minecraft.iron_ore":291,"stat.pickup.minecraft.gold_ore":18,"stat.mineBlock.minecraft.lapis_ore":16,"stat.craftItem.minecraft.flint_and_steel":1,"stat.mineBlock.tconstruct.tooltables":3,"stat.damageTaken":3375,"stat.pickup.minecraft.leather":7,"stat.mineBlock.minecraft.torch":30,"stat.pickup.harvestcraft.blueberryitem":1,"stat.pickup.minecraft.reeds":6,"stat.pickup.minecraft.quartz_block":38,"stat.entityKilledBy.Zombie":1,"stat.damageDealt":11186,"stat.sleepInBed":6,"stat.killEntity.Silverfish":6,"stat.killEntity.Cow":7,"stat.killEntity.Pig":3,"stat.craftItem.minecraft.iron_sword":1,"stat.drop.harvestcraft.veggiestripsitem":1,"stat.mineBlock.harvestcraft.pampear":4,"stat.craftItem.minecraft.stone_shovel":2,"stat.walkOneCm":1291505,"stat.playerKills":2,"stat.useItem.minecraft.chest":1,"stat.pickup.minecraft.stick":9,"stat.pickup.minecraft.diamond_pickaxe":2,"stat.pickup.minecraft.clay_ball":64,"stat.useItem.minecraft.lava_bucket":1,"stat.mineBlock.chisel.basalt2":28,"stat.pickup.harvestcraft.spiceleafitem":2,"stat.pickup.minecraft.stone":415,"stat.pickup.harvestcraft.zucchiniitem":4,"stat.craftItem.minecraft.redstone":9,"stat.useItem.minecraft.netherrack":69,"stat.killEntity.Skeleton":14,"stat.pickup.forestry.apatite":17,"stat.craftItem.forestry.digger_bag":3,"stat.pickup.thaumcraft.ore_cinnabar":12,"stat.craftItem.minecraft.bookshelf":2,"stat.mineBlock.minecraft.cactus":5,"stat.pickup.harvestcraft.queenbeeitem":1,"stat.killEntity.Spider":11,"stat.mineBlock.minecraft.quartz_ore":86,"stat.mineBlock.forestry.resources":4,"stat.mobKills":66,"stat.pickup.minecraft.quartz":94,"stat.craftItem.minecraft.shears":1,"stat.pickup.minecraft.diamond":23,"stat.mineBlock.minecraft.leaves":100,"stat.pickup.minecraft.torch":58,"stat.pickup.thaumcraft.brain":1,"stat.mineBlock.minecraft.redstone_ore":103,"stat.mineBlock.tconstruct.casting":1,"stat.mineBlock.harvestcraft.soggygarden":4,"stat.mineBlock.minecraft.stone":3458,"stat.craftItem.actuallyadditions.block_giant_chest":2,"stat.useItem.tconstruct.hatchet":5}