{"stat.pickup.draconicevolution.draconium_dust":13,"stat.leaveGame":7,"stat.pickup.harvestcraft.shadedgarden":2,"stat.craftItem.minecraft.string":34,"stat.mineBlock.minecraft.stained_glass":1,"stat.pickup.tconstruct.faucet":2,"stat.useItem.actuallyadditions.item_rice_seed":6,"stat.pickup.harvestcraft.calamarirawitem":2,"stat.pickup.minecraft.rotten_flesh":21,"stat.pickup.harvestcraft.radishitem":91,"stat.pickup.minecraft.brown_mushroom":20,"stat.craftItem.cookingforblockheads.counter":1,"stat.pickup.extratrees.machine":1,"stat.craftItem.forestry.sturdy_machine":3,"stat.useItem.minecraft.iron_pickaxe":491,"stat.craftItem.minecraft.iron_door":6,"stat.useItem.tconstruct.soil":1,"stat.pickup.harvestcraft.rhubarbitem":90,"stat.craftItem.minecraft.bed":2,"stat.craftItem.harvestcraft.skilletitem":1,"stat.pickup.thermalfoundation.material":2,"stat.furnaceInteraction":114,"stat.drop.minecraft.gravel":1,"stat.pickup.harvestcraft.cherryitem":6,"stat.killEntity.ZombieVillager":1,"stat.pickup.minecraft.beef":9,"stat.useItem.minecraft.stained_glass":1,"stat.useItem.minecraft.fence":56,"stat.mineBlock.tconstruct.ore":27,"stat.mineBlock.minecraft.fence":4,"stat.pickup.thaumcraft.crystal_essence":6,"stat.useItem.minecraft.wheat_seeds":26,"stat.drop.harvestcraft.freshwateritem":1,"stat.mineBlock.thermalexpansion.tank":1,"stat.pickup.minecraft.emerald":2,"stat.useItem.minecraft.dye":3,"stat.deaths":10,"stat.useItem.tconstruct.smeltery_io":3,"stat.pickup.thermalexpansion.tank":1,"stat.craftItem.minecraft.iron_pickaxe":2,"stat.drop.opencomputers.tool":1,"stat.drop.minecraft.iron_ingot":9,"stat.mineBlock.minecraft.tallgrass":41,"stat.pickup.tconstruct.seared":2,"stat.chestOpened":16,"stat.pickup.thermalfoundation.wrench":2,"stat.pickup.minecraft.arrow":15,"stat.drop.opencomputers.case1":1,"stat.craftItem.extratrees.machine":1,"stat.crouchOneCm":24876,"stat.pickup.actuallyadditions.item_food":53,"stat.craftItem.minecraft.iron_ingot":34,"stat.craftingTableInteraction":33,"stat.craftItem.tconstruct.pattern":4,"stat.useItem.minecraft.reeds":17,"stat.pickup.minecraft.dye":66,"stat.pickup.minecraft.planks":110,"stat.pickup.minecraft.wheat_seeds":88,"stat.pickup.enderio.item_material":1,"stat.drop.integrateddynamics.on_the_dynamics_of_integration":1,"stat.mineBlock.minecraft.dirt":79,"stat.pickup.immersiveengineering.seed":1,"stat.useItem.minecraft.cobblestone":154,"stat.mineBlock.draconicevolution.draconium_ore":5,"stat.useItem.minecraft.gravel":1,"stat.useItem.actuallyadditions.item_canola_seed":2,"stat.pickup.harvestcraft.hazelnutitem":2,"stat.useItem.harvestcraft.sweetpotatoitem":9,"stat.pickup.minecraft.iron_pickaxe":1,"stat.pickup.minecraft.apple":1,"stat.useItem.harvestcraft.caulifloweritem":6,"stat.craftItem.minecraft.bucket":2,"stat.craftItem.minecraft.planks":212,"stat.useItem.minecraft.iron_sword":156,"stat.mineBlock.minecraft.log":13,"stat.craftItem.minecraft.wooden_door":3,"stat.useItem.minecraft.wooden_door":1,"stat.craftItem.minecraft.paper":3,"stat.pickup.minecraft.red_flower":2,"stat.pickup.minecraft.wool":1,"stat.useItem.minecraft.wooden_axe":32,"stat.craftItem.harvestcraft.saucepanitem":2,"stat.useItem.harvestcraft.veggiestripsitem":20,"stat.mineBlock.minecraft.cobblestone":26,"stat.pickup.minecraft.stone_pickaxe":1,"stat.pickup.minecraft.flint":9,"stat.craftItem.minecraft.wool":6,"stat.pickup.enderio.item_dark_steel_sword":1,"stat.mineBlock.thaumcraft.ore_amber":1,"stat.drop.minecraft.cobblestone":109,"stat.useItem.harvestcraft.tomatoitem":10,"stat.useItem.minecraft.stone_slab2":108,"stat.useItem.harvestcraft.gooseberryitem":3,"stat.craftItem.minecraft.furnace":2,"stat.pickup.thermalfoundation.ore":83,"stat.craftItem.minecraft.cooked_beef":2,"stat.pickup.minecraft.shears":1,"stat.killEntity.Firebat":1,"stat.mineBlock.minecraft.clay":52,"stat.pickup.extratrees.hops":38,"stat.flyOneCm":503429,"stat.pickup.actuallyadditions.item_booklet":1,"stat.craftItem.minecraft.stained_glass":16,"stat.timeSinceDeath":3141,"stat.mineBlock.cookingforblockheads.cutting_board":1,"stat.pickup.harvestcraft.whitemushroomitem":97,"stat.pickup.harvestcraft.beanitem":82,"stat.craftItem.tconstruct.seared":68,"stat.mineBlock.minecraft.coal_ore":164,"stat.killEntity.Creeper":4,"stat.craftItem.minecraft.stone_hoe":2,"stat.pickup.extrautils2.ingredients":5,"stat.pickup.minecraft.string":11,"stat.craftItem.harvestcraft.hotdogitem":5,"stat.craftItem.tconstruct.tooltables":1,"stat.killEntity.Squid":3,"stat.sprintOneCm":468152,"stat.craftItem.minecraft.wooden_axe":1,"stat.mineBlock.biomesoplenty.grass":5,"stat.useItem.harvestcraft.cottonitem":22,"stat.craftItem.cookingforblockheads.fridge":2,"stat.mineBlock.minecraft.diamond_ore":4,"stat.pickup.tconstruct.ore":26,"stat.killEntity.Zombie":17,"stat.craftItem.minecraft.dye":41,"stat.useItem.tconstruct.hammer":759,"stat.mineBlock.minecraft.gold_ore":14,"stat.diveOneCm":18208,"stat.pickup.minecraft.wheat":112,"stat.pickup.tconstruct.tooltables":1,"stat.craftItem.extratrees.misc":8,"stat.craftItem.cookingforblockheads.cooking_table":1,"stat.jump":3193,"stat.pickup.minecraft.coal":180,"stat.pickup.minecraft.iron_ingot":2,"stat.pickup.tconstruct.seared_tank":1,"stat.pickup.minecraft.gunpowder":1,"stat.craftItem.minecraft.torch":160,"stat.pickup.minecraft.dirt":187,"stat.craftItem.harvestcraft.greenteaitem":2,"stat.pickup.minecraft.gold_ore":13,"stat.mineBlock.minecraft.lapis_ore":3,"stat.drop.tconstruct.hammer":1,"stat.drop.harvestcraft.teaitem":2,"stat.damageTaken":3435,"stat.useItem.harvestcraft.teaitem":6,"stat.mineBlock.minecraft.torch":37,"stat.mineBlock.minecraft.red_flower":3,"stat.useItem.harvestcraft.radishitem":8,"stat.pickup.minecraft.magma_cream":2,"stat.useItem.thaumcraft.brain":1,"stat.drop.enderio.item_dark_steel_sword":1,"stat.pickup.minecraft.quartz_block":16,"stat.useItem.forge.bucketfilled":4,"stat.entityKilledBy.Zombie":1,"stat.drop.thaumcraft.brain":1,"stat.killEntity.Silverfish":3,"stat.craftItem.tconstruct.smeltery_io":4,"stat.pickup.minecraft.diamond_pickaxe":1,"stat.craftItem.harvestcraft.flouritem":24,"stat.useItem.minecraft.lava_bucket":1,"stat.useItem.actuallyadditions.item_worm":15,"stat.pickup.harvestcraft.celeryitem":81,"stat.useItem.tconstruct.faucet":4,"stat.pickup.harvestcraft.spiceleafitem":101,"stat.craftItem.actuallyadditions.item_rice_seed":4,"stat.pickup.actuallyadditions.item_coffee_beans":3,"stat.useItem.minecraft.netherrack":42,"stat.useItem.harvestcraft.shadedgarden":1,"stat.useItem.harvestcraft.celeryitem":5,"stat.mineBlock.minecraft.glowstone":12,"stat.mobKills":67,"stat.pickup.minecraft.diamond":4,"stat.pickup.minecraft.torch":82,"stat.pickup.thaumcraft.brain":3,"stat.craftItem.forestry.can":24,"stat.craftItem.harvestcraft.saltitem":236,"stat.pickup.forestry.digger_bag":1,"stat.useItem.harvestcraft.rhubarbitem":14,"stat.mineBlock.thaumcraft.ore_quartz":3,"stat.pickup.harvestcraft.veggiestripsitem":1,"stat.pickup.minecraft.lapis_block":5,"stat.pickup.gravestone.death_info":3,"stat.pickup.minecraft.glowstone_dust":34,"stat.pickup.minecraft.porkchop":5,"stat.mineBlock.deepresonance.resonating_ore":1,"stat.useItem.minecraft.water_bucket":13,"stat.pickup.minecraft.sand":41,"stat.craftItem.actuallyadditions.block_misc":1,"stat.pickup.forestry.miner_bag":2,"stat.pickup.harvestcraft.sweetpotatoitem":92,"stat.craftItem.tconstruct.casting":5,"stat.useItem.minecraft.brown_mushroom":1,"stat.mineBlock.minecraft.sand":6,"stat.mineBlock.biomesoplenty.ash_block":1,"stat.craftItem.harvestcraft.ediblerootitem":4,"stat.useItem.minecraft.fence_gate":1,"stat.killEntity.thermalfoundation.basalz":2,"stat.craftItem.minecraft.hardened_clay":10,"stat.drop.gravestone.death_info":4,"stat.pickup.actuallyadditions.item_worm":23,"stat.pickup.actuallyadditions.item_solidified_experience":3,"stat.craftItem.thermalfoundation.material":59,"stat.mineBlock.minecraft.lapis_block":1,"stat.pickup.minecraft.skull":2,"stat.craftItem.forestry.bottler":2,"stat.craftItem.minecraft.fence_gate":2,"stat.useItem.harvestcraft.beanitem":7,"stat.playOneMinute":381946,"stat.mineBlock.actuallyadditions.block_wild":3,"stat.mineBlock.minecraft.brown_mushroom_block":55,"stat.drop.harvestcraft.cottonitem":14,"stat.pickup.minecraft.netherrack":786,"stat.pickup.harvestcraft.cottonitem":269,"stat.pickup.harvestcraft.tomatoitem":94,"stat.pickup.tconstruct.casting":1,"stat.mineBlock.minecraft.netherrack":894,"stat.craftItem.harvestcraft.mixingbowlitem":1,"stat.fallOneCm":80318,"stat.pickup.harvestcraft.cuttingboarditem":1,"stat.pickup.harvestcraft.caulifloweritem":88,"stat.craftItem.minecraft.chest":7,"stat.craftItem.harvestcraft.freshwateritem":485,"stat.craftItem.tconstruct.materials":360,"stat.mineBlock.minecraft.gravel":64,"stat.useItem.minecraft.stone_pickaxe":563,"stat.craftItem.tconstruct.seared_tank":2,"stat.mineBlock.minecraft.monster_egg":3,"stat.useItem.minecraft.torch":215,"stat.drop.botania.flower":1,"stat.useItem.harvestcraft.spiceleafitem":8,"stat.pickup.minecraft.crafting_table":2,"stat.craftItem.minecraft.crafting_table":5,"stat.entityKilledBy.Firebat":1,"stat.killEntity.LavaSlime":12,"stat.mineBlock.minecraft.emerald_ore":2,"stat.pickup.minecraft.redstone_block":36,"stat.mineBlock.forestry.bottler":1,"stat.pickup.minecraft.log":50,"stat.craftItem.harvestcraft.bakewareitem":1,"stat.pickup.minecraft.web":4,"stat.drop.minecraft.lapis_block":2,"stat.pickup.minecraft.sapling":9,"stat.pickup.harvestcraft.freshwateritem":729,"stat.craftItem.tconstruct.smeltery_controller":2,"stat.useItem.minecraft.stone_hoe":252,"stat.pickup.harvestcraft.tealeafitem":59,"stat.sneakTime":8583,"stat.pickup.thaumcraft.amber":1,"stat.useItem.harvestcraft.greenteaitem":2,"stat.pickup.harvestcraft.gooseberryitem":3,"stat.useItem.minecraft.web":3,"stat.drop.minecraft.stone_pickaxe":1,"stat.pickup.harvestcraft.greenteaitem":1,"stat.useItem.minecraft.lapis_block":1,"stat.pickup.minecraft.bone":8,"stat.horseOneCm":453,"stat.useItem.harvestcraft.garlicitem":8,"stat.craftItem.tconstruct.faucet":6,"stat.useItem.harvestcraft.tealeafitem":7,"stat.mineBlock.actuallyadditions.block_misc":2,"stat.swimOneCm":30468,"stat.useItem.minecraft.dirt":49,"stat.craftItem.harvestcraft.veggiestripsitem":86,"stat.craftItem.minecraft.stone_pickaxe":12,"stat.pickup.minecraft.cobblestone":1008,"stat.drop.cookingforblockheads.cooking_table":1,"stat.mineBlock.minecraft.redstone_block":27,"stat.useItem.minecraft.stone_shovel":161,"stat.craftItem.minecraft.glass_bottle":3,"stat.pickup.appliedenergistics2.material":1,"stat.pickup.opencomputers.case1":1,"stat.useItem.harvestcraft.whitemushroomitem":8,"stat.drop.minecraft.clay_ball":14,"stat.pickup.minecraft.redstone":180,"stat.mineBlock.minecraft.iron_ore":46,"stat.craftItem.minecraft.book":1,"stat.pickup.integrateddynamics.on_the_dynamics_of_integration":1,"stat.pickup.actuallyadditions.item_rice_seed":28,"stat.drop.forestry.miner_bag":1,"stat.mineBlock.thermalfoundation.ore":74,"stat.pickup.tconstruct.soil":1,"stat.craftItem.tconstruct.soil":424,"stat.craftItem.harvestcraft.teaitem":8,"stat.craftItem.minecraft.stone_slab2":5,"stat.pickup.forestry.bottler":1,"stat.craftItem.extrautils2.compressednetherrack":90,"stat.pickup.actuallyadditions.item_misc":3,"stat.pickup.opencomputers.material":1,"stat.craftItem.minecraft.stick":172,"stat.pickup.biomesoplenty.ash":4,"stat.drop.thermalfoundation.wrench":1,"stat.craftItem.minecraft.stone":15,"stat.useItem.tconstruct.casting":2,"stat.mineBlock.minecraft.crafting_table":1,"stat.craftItem.cookingforblockheads.oven":2,"stat.mineBlock.minecraft.quartz_block":18,"stat.useItem.minecraft.diamond_pickaxe":20,"stat.entityKilledBy.Creeper":1,"stat.pickup.botania.flower":1,"stat.drop":44,"stat.craftItem.actuallyadditions.item_misc":1,"stat.craftItem.harvestcraft.potitem":1,"stat.useItem.tconstruct.seared":58,"stat.craftItem.minecraft.clay":10,"stat.pickup.harvestcraft.garlicitem":39,"stat.killEntity.BrainyZombie":1,"stat.pickup.minecraft.gravel":168,"stat.pickup.thaumcraft.curio":1,"stat.drop.harvestcraft.greenteaitem":1,"stat.useItem.minecraft.glass_bottle":4,"stat.killEntity.Slime":5,"stat.useItem.minecraft.potion":4,"stat.craftItem.harvestcraft.cuttingboarditem":1,"stat.pickup.harvestcraft.blackberryitem":3,"stat.pickup.tconstruct.hatchet":1,"stat.pickup.minecraft.fence":4,"stat.pickup.deepresonance.resonating_ore":1,"stat.mineBlock.tconstruct.soil":1,"stat.craftItem.minecraft.bread":12,"stat.mineBlock.harvestcraft.shadedgarden":13,"stat.pickup.minecraft.spider_eye":1,"stat.pickup.actuallyadditions.block_misc":2,"stat.mineBlock.harvestcraft.frostgarden":1,"stat.pickup.minecraft.iron_ore":46,"stat.pickup.actuallyadditions.item_coffee_seed":1,"stat.mineBlock.tconstruct.tooltables":1,"stat.pickup.minecraft.leather":7,"stat.craftItem.cookingforblockheads.recipe_book":3,"stat.pickup.minecraft.reeds":26,"stat.pickup.tconstruct.materials":5,"stat.pickup.minecraft.stained_glass":5,"stat.craftItem.harvestcraft.doughitem":24,"stat.damageDealt":9546,"stat.craftItem.minecraft.glass":24,"stat.sleepInBed":3,"stat.pickup.actuallyadditions.item_canola_seed":2,"stat.craftItem.minecraft.iron_sword":1,"stat.useItem.extratrees.hops":6,"stat.useItem.cookingforblockheads.fridge":1,"stat.craftItem.minecraft.stone_shovel":3,"stat.walkOneCm":1230219,"stat.playerKills":1,"stat.pickup.minecraft.stick":9,"stat.drop.appliedenergistics2.material":1,"stat.pickup.minecraft.clay_ball":259,"stat.drop.opencomputers.material":1,"stat.craftItem.harvestcraft.mortarandpestleitem":1,"stat.pickup.minecraft.stone":22,"stat.mineBlock.extratrees.machine":1,"stat.pickup.minecraft.gold_ingot":16,"stat.killEntity.Skeleton":7,"stat.pickup.forestry.apatite":18,"stat.pickup.cookingforblockheads.cooking_table":1,"stat.killEntity.Spider":3,"stat.mineBlock.minecraft.quartz_ore":16,"stat.pickup.minecraft.bread":3,"stat.useItem.thaumcraft.curio":1,"stat.craftItem.binniecore.glass":3,"stat.pickup.minecraft.quartz":20,"stat.craftItem.minecraft.fence":57,"stat.drop.binniecore.glass":2,"stat.mineBlock.minecraft.leaves":4,"stat.mineBlock.tconstruct.seared":2,"stat.mineBlock.minecraft.redstone_ore":29,"stat.mineBlock.tconstruct.casting":1,"stat.craftItem.minecraft.brick":28,"stat.mineBlock.minecraft.stone":454,"stat.craftItem.actuallyadditions.block_giant_chest":1,"stat.useItem.tconstruct.hatchet":56}