{"stat.chestOpened":3,"stat.pickup.minecraft.bone":7,"stat.pickup.minecraft.gravel":19,"stat.leaveGame":1,"stat.pickup.minecraft.arrow":5,"stat.mineBlock.minecraft.cobblestone":21,"stat.mineBlock.thaumcraft.ore_quartz":3,"stat.pickup.minecraft.stone_pickaxe":1,"stat.pickup.minecraft.stone_axe":1,"stat.pickup.minecraft.flint":2,"stat.mineBlock.appliedenergistics2.charged_quartz_ore":2,"stat.mineBlock.actuallyadditions.block_misc":16,"stat.craftItem.minecraft.coal":16,"stat.mineBlock.appliedenergistics2.quartz_ore":11,"stat.jump":857,"stat.swimOneCm":17888,"stat.pickup.minecraft.coal":138,"stat.pickup.enderio.item_dark_steel_sword":1,"stat.fallOneCm":17125,"stat.pickup.minecraft.iron_ingot":7,"stat.mineBlock.minecraft.web":6,"stat.useItem.minecraft.stone_axe":176,"stat.pickup.minecraft.gunpowder":1,"stat.crouchOneCm":7767,"stat.pickup.minecraft.spider_eye":6,"stat.craftItem.minecraft.torch":44,"stat.pickup.harvestcraft.okraitem":2,"stat.pickup.minecraft.dirt":42,"stat.useItem.minecraft.dirt":5,"stat.useItem.minecraft.stone_slab2":22,"stat.pickup.actuallyadditions.block_misc":16,"stat.craftingTableInteraction":10,"stat.pickup.minecraft.iron_ore":105,"stat.pickup.minecraft.rotten_flesh":6,"stat.pickup.minecraft.sand":260,"stat.craftItem.minecraft.furnace":1,"stat.pickup.thermalfoundation.ore":60,"stat.useItem.minecraft.egg":2,"stat.craftItem.minecraft.stone_axe":1,"stat.damageTaken":690,"stat.mineBlock.minecraft.torch":9,"stat.craftItem.minecraft.stone_pickaxe":4,"stat.useItem.minecraft.reeds":5,"stat.pickup.minecraft.cobblestone":536,"stat.pickup.harvestcraft.blueberryitem":1,"stat.mineBlock.minecraft.clay":16,"stat.pickup.minecraft.reeds":6,"stat.useItem.minecraft.stone_shovel":261,"stat.useItem.extratrees.food":14,"stat.craftItem.minecraft.stone_sword":2,"stat.flyOneCm":101848,"stat.pickup.appliedenergistics2.material":18,"stat.pickup.minecraft.wheat_seeds":1,"stat.mineBlock.minecraft.sand":261,"stat.mineBlock.minecraft.gravel":9,"stat.useItem.minecraft.stone_pickaxe":455,"stat.useItem.minecraft.stone_sword":109,"stat.damageDealt":4245,"stat.pickup.minecraft.redstone":24,"stat.mineBlock.minecraft.iron_ore":106,"stat.timeSinceDeath":1854,"stat.mineBlock.minecraft.dirt":23,"stat.useItem.minecraft.iron_pickaxe":501,"stat.pickup.minecraft.mutton":6,"stat.craftItem.minecraft.stone_shovel":2,"stat.walkOneCm":259622,"stat.useItem.minecraft.torch":40,"stat.playerKills":1,"stat.pickup.harvestcraft.maplesyrupitem":1,"stat.useItem.minecraft.log":1,"stat.pickup.minecraft.crafting_table":2,"stat.pickup.minecraft.clay_ball":64,"stat.mineBlock.thermalfoundation.ore":58,"stat.useItem.minecraft.cobblestone":88,"stat.furnaceInteraction":42,"stat.craftItem.minecraft.crafting_table":1,"stat.killEntity.ZombieVillager":1,"stat.mineBlock.minecraft.coal_ore":138,"stat.pickup.actuallyadditions.item_solidified_experience":6,"stat.pickup.minecraft.log":127,"stat.pickup.minecraft.string":13,"stat.useItem.minecraft.cooked_mutton":6,"stat.pickup.harvestcraft.brusselsproutitem":1,"stat.pickup.harvestcraft.spiceleafitem":1,"stat.craftItem.minecraft.stone_slab2":0,"stat.pickup.minecraft.stone":58,"stat.pickup.minecraft.web":2,"stat.pickup.minecraft.sapling":53,"stat.sprintOneCm":97286,"stat.pickup.minecraft.apple":4,"stat.pickup.minecraft.skull":1,"stat.craftItem.minecraft.stick":36,"stat.killEntity.Skeleton":5,"stat.pickup.thaumcraft.ore_cinnabar":2,"stat.craftItem.minecraft.planks":108,"stat.mineBlock.minecraft.diamond_ore":12,"stat.pickup.thaumcraft.crystal_essence":28,"stat.mineBlock.harvestcraft.pamapple":3,"stat.killEntity.Spider":8,"stat.mineBlock.minecraft.crafting_table":2,"stat.mobKills":23,"stat.mineBlock.minecraft.log":128,"stat.pickup.minecraft.quartz":3,"stat.deaths":2,"stat.pickup.minecraft.diamond":12,"stat.mineBlock.minecraft.leaves":74,"stat.pickup.minecraft.egg":2,"stat.playOneMinute":83847,"stat.pickup.minecraft.torch":10,"stat.killEntity.Sheep":4,"stat.pickup.thaumcraft.brain":1,"stat.mineBlock.minecraft.redstone_ore":5,"stat.sneakTime":2733,"stat.craftItem.minecraft.iron_pickaxe":2,"stat.pickup.minecraft.wool":4,"stat.mineBlock.thaumcraft.crystal_perditio":8,"stat.killEntity.Zombie":8,"stat.mineBlock.harvestcraft.soggygarden":4,"stat.mineBlock.minecraft.stone":568,"stat.craftItem.minecraft.cooked_mutton":6,"stat.mineBlock.minecraft.tallgrass":2,"stat.diveOneCm":12241,"stat.mineBlock.thaumcraft.ore_cinnabar":2,"stat.useItem.minecraft.web":1,"stat.pickup.harvestcraft.cottonitem":1}