{"stat.drop.minecraft.stone_pickaxe":1,"stat.chestOpened":1,"stat.pickup.harvestcraft.tomatoitem":4,"stat.useItem.harvestcraft.rhubarbitem":14,"stat.horseOneCm":453,"stat.useItem.harvestcraft.garlicitem":2,"stat.leaveGame":1,"stat.pickup.minecraft.gravel":43,"stat.pickup.thaumcraft.curio":1,"stat.pickup.minecraft.arrow":1,"stat.mineBlock.minecraft.cobblestone":6,"stat.mineBlock.thaumcraft.ore_quartz":1,"stat.pickup.minecraft.stone_pickaxe":1,"stat.pickup.minecraft.flint":7,"stat.craftItem.tconstruct.faucet":6,"stat.useItem.harvestcraft.tealeafitem":7,"stat.pickup.harvestcraft.shadedgarden":2,"stat.pickup.harvestcraft.blackberryitem":3,"stat.swimOneCm":10570,"stat.jump":691,"stat.pickup.minecraft.fence":4,"stat.pickup.tconstruct.faucet":2,"stat.pickup.minecraft.coal":94,"stat.pickup.enderio.item_dark_steel_sword":1,"stat.fallOneCm":10551,"stat.pickup.tconstruct.seared_tank":1,"stat.mineBlock.thaumcraft.ore_amber":1,"stat.drop.minecraft.cobblestone":108,"stat.mineBlock.tconstruct.soil":1,"stat.crouchOneCm":2292,"stat.mineBlock.harvestcraft.shadedgarden":13,"stat.pickup.actuallyadditions.item_food":11,"stat.pickup.harvestcraft.caulifloweritem":1,"stat.pickup.minecraft.spider_eye":1,"stat.craftItem.minecraft.chest":4,"stat.craftItem.minecraft.iron_ingot":16,"stat.craftItem.minecraft.torch":32,"stat.pickup.minecraft.dirt":176,"stat.useItem.minecraft.dirt":49,"stat.useItem.actuallyadditions.item_rice_seed":6,"stat.useItem.harvestcraft.tomatoitem":2,"stat.useItem.minecraft.stone_slab2":68,"stat.useItem.minecraft.water_bucket":9,"stat.mineBlock.harvestcraft.frostgarden":1,"stat.craftingTableInteraction":21,"stat.pickup.minecraft.iron_ore":14,"stat.pickup.minecraft.rotten_flesh":10,"stat.pickup.minecraft.sand":41,"stat.pickup.thermalfoundation.ore":17,"stat.pickup.minecraft.gold_ore":5,"stat.craftItem.actuallyadditions.block_misc":1,"stat.damageTaken":755,"stat.pickup.harvestcraft.sweetpotatoitem":11,"stat.craftItem.minecraft.stone_pickaxe":4,"stat.mineBlock.minecraft.torch":15,"stat.craftItem.tconstruct.materials":189,"stat.useItem.harvestcraft.radishitem":2,"stat.pickup.minecraft.cobblestone":764,"stat.useItem.thaumcraft.brain":1,"stat.craftItem.tconstruct.casting":5,"stat.mineBlock.minecraft.clay":39,"stat.pickup.minecraft.planks":77,"stat.pickup.minecraft.reeds":3,"stat.useItem.minecraft.stone_shovel":148,"stat.pickup.extratrees.hops":1,"stat.flyOneCm":77882,"stat.pickup.harvestcraft.radishitem":5,"stat.drop.enderio.item_dark_steel_sword":1,"stat.pickup.actuallyadditions.item_booklet":1,"stat.pickup.minecraft.wheat_seeds":3,"stat.mineBlock.minecraft.sand":6,"stat.mineBlock.minecraft.gravel":52,"stat.useItem.minecraft.stone_pickaxe":351,"stat.useItem.harvestcraft.whitemushroomitem":8,"stat.craftItem.tconstruct.seared_tank":2,"stat.drop.thaumcraft.brain":1,"stat.damageDealt":2618,"stat.craftItem.minecraft.glass":7,"stat.pickup.minecraft.redstone":43,"stat.mineBlock.minecraft.iron_ore":14,"stat.timeSinceDeath":32030,"stat.useItem.minecraft.fence_gate":1,"stat.mineBlock.minecraft.dirt":74,"stat.useItem.minecraft.iron_pickaxe":23,"stat.pickup.integrateddynamics.on_the_dynamics_of_integration":1,"stat.craftItem.minecraft.iron_sword":1,"stat.pickup.actuallyadditions.item_rice_seed":9,"stat.pickup.harvestcraft.rhubarbitem":18,"stat.useItem.tconstruct.soil":1,"stat.craftItem.minecraft.stone_shovel":3,"stat.walkOneCm":483196,"stat.useItem.minecraft.torch":65,"stat.pickup.immersiveengineering.seed":1,"stat.playerKills":1,"stat.pickup.harvestcraft.whitemushroomitem":16,"stat.craftItem.tconstruct.smeltery_io":4,"stat.pickup.harvestcraft.beanitem":12,"stat.drop.gravestone.death_info":2,"stat.pickup.actuallyadditions.item_worm":23,"stat.pickup.minecraft.stick":9,"stat.useItem.harvestcraft.spiceleafitem":3,"stat.pickup.minecraft.crafting_table":2,"stat.craftItem.tconstruct.seared":27,"stat.pickup.minecraft.clay_ball":172,"stat.mineBlock.thermalfoundation.ore":8,"stat.useItem.minecraft.cobblestone":24,"stat.pickup.tconstruct.soil":1,"stat.craftItem.minecraft.crafting_table":1,"stat.furnaceInteraction":40,"stat.mineBlock.minecraft.coal_ore":79,"stat.useItem.actuallyadditions.item_worm":15,"stat.killEntity.Creeper":1,"stat.craftItem.minecraft.stone_hoe":2,"stat.pickup.harvestcraft.celeryitem":1,"stat.pickup.extrautils2.ingredients":3,"stat.pickup.actuallyadditions.item_solidified_experience":3,"stat.craftItem.tconstruct.soil":230,"stat.pickup.minecraft.log":50,"stat.pickup.minecraft.string":8,"stat.useItem.tconstruct.faucet":4,"stat.useItem.harvestcraft.sweetpotatoitem":9,"stat.pickup.harvestcraft.spiceleafitem":4,"stat.craftItem.minecraft.stone_slab2":0,"stat.pickup.minecraft.stone":18,"stat.pickup.minecraft.web":4,"stat.pickup.minecraft.sapling":9,"stat.craftItem.tconstruct.tooltables":1,"stat.sprintOneCm":111739,"stat.pickup.minecraft.apple":1,"stat.useItem.minecraft.fence":56,"stat.craftItem.actuallyadditions.item_rice_seed":4,"stat.craftItem.minecraft.stick":116,"stat.craftItem.minecraft.wooden_axe":1,"stat.useItem.harvestcraft.shadedgarden":1,"stat.useItem.harvestcraft.cottonitem":13,"stat.craftItem.tconstruct.smeltery_controller":2,"stat.pickup.forestry.apatite":18,"stat.craftItem.minecraft.bucket":2,"stat.craftItem.minecraft.planks":212,"stat.useItem.minecraft.iron_sword":13,"stat.mineBlock.minecraft.fence":4,"stat.pickup.thaumcraft.crystal_essence":6,"stat.craftItem.minecraft.fence_gate":2,"stat.useItem.tconstruct.casting":2,"stat.mineBlock.minecraft.crafting_table":1,"stat.killEntity.Spider":2,"stat.mobKills":14,"stat.useItem.thaumcraft.curio":1,"stat.mineBlock.minecraft.log":13,"stat.craftItem.minecraft.wooden_door":3,"stat.pickup.minecraft.quartz":1,"stat.entityKilledBy.Creeper":1,"stat.craftItem.minecraft.fence":57,"stat.useItem.minecraft.stone_hoe":252,"stat.useItem.minecraft.wooden_door":1,"stat.useItem.harvestcraft.beanitem":7,"stat.deaths":2,"stat.useItem.tconstruct.smeltery_io":3,"stat.drop":9,"stat.mineBlock.minecraft.leaves":2,"stat.playOneMinute":106769,"stat.pickup.minecraft.torch":50,"stat.pickup.thaumcraft.brain":2,"stat.useItem.tconstruct.seared":21,"stat.mineBlock.minecraft.redstone_ore":10,"stat.sneakTime":577,"stat.pickup.harvestcraft.tealeafitem":9,"stat.craftItem.minecraft.iron_pickaxe":2,"stat.pickup.thaumcraft.amber":1,"stat.pickup.minecraft.wool":1,"stat.mineBlock.actuallyadditions.block_wild":1,"stat.killEntity.Zombie":7,"stat.useItem.minecraft.wooden_axe":32,"stat.mineBlock.minecraft.stone":252,"stat.mineBlock.minecraft.gold_ore":5,"stat.mineBlock.minecraft.tallgrass":32,"stat.diveOneCm":9686,"stat.craftItem.actuallyadditions.block_giant_chest":1,"stat.pickup.harvestcraft.garlicitem":3,"stat.pickup.minecraft.wheat":2,"stat.pickup.harvestcraft.cottonitem":19,"stat.useItem.minecraft.web":3}