{"stat.pickup.tconstruct.book":1,"stat.chestOpened":1,"stat.pickup.minecraft.bone":5,"stat.leaveGame":4,"stat.pickup.minecraft.gravel":90,"stat.pickup.minecraft.arrow":4,"stat.mineBlock.minecraft.cobblestone":14,"stat.mineBlock.thaumcraft.ore_quartz":4,"stat.pickup.minecraft.stone_pickaxe":1,"stat.pickup.minecraft.flint":5,"stat.pickup.extrautils2.redorchid":1,"stat.useItem.minecraft.apple":4,"stat.mineBlock.actuallyadditions.block_misc":13,"stat.mineBlock.minecraft.brown_mushroom":5,"stat.mineBlock.ic2.rubber_wood":7,"stat.craftItem.minecraft.coal":14,"stat.mineBlock.appliedenergistics2.quartz_ore":9,"stat.jump":660,"stat.swimOneCm":7944,"stat.useItem.minecraft.sand":7,"stat.pickup.minecraft.coal":25,"stat.pickup.deepresonance.resonating_ore":1,"stat.fallOneCm":12909,"stat.mineBlock.thaumcraft.ore_amber":4,"stat.drop.minecraft.cobblestone":1,"stat.useItem.minecraft.stone_axe":151,"stat.crouchOneCm":58573,"stat.mineBlock.gravestone.gravestone":1,"stat.mineBlock.harvestcraft.shadedgarden":3,"stat.craftItem.minecraft.iron_ingot":22,"stat.craftItem.minecraft.torch":92,"stat.pickup.minecraft.dirt":159,"stat.useItem.minecraft.dirt":8,"stat.mineBlock.deepresonance.resonating_ore":2,"stat.useItem.minecraft.stone_slab2":21,"stat.pickup.actuallyadditions.block_misc":10,"stat.craftingTableInteraction":22,"stat.pickup.minecraft.iron_ore":67,"stat.pickup.minecraft.sand":47,"stat.craftItem.minecraft.furnace":5,"stat.pickup.thermalfoundation.ore":84,"stat.pickup.minecraft.gold_ore":1,"stat.entityKilledBy.Spider":3,"stat.mineBlock.harvestcraft.pamnutmeg":1,"stat.pickup.actuallyadditions.item_coffee_seed":1,"stat.craftItem.minecraft.stone_axe":2,"stat.pickup.minecraft.wooden_pickaxe":1,"stat.damageTaken":2603,"stat.craftItem.minecraft.stone_pickaxe":4,"stat.mineBlock.minecraft.furnace":1,"stat.mineBlock.minecraft.torch":2,"stat.mineBlock.minecraft.red_flower":1,"stat.useItem.minecraft.wooden_pickaxe":3,"stat.useItem.minecraft.furnace":3,"stat.useItem.harvestcraft.radishitem":2,"stat.pickup.minecraft.cobblestone":682,"stat.useItem.thaumcraft.brain":2,"stat.pickup.theoneprobe.probenote":1,"stat.pickup.ic2.rubber_wood":7,"stat.pickup.minecraft.planks":30,"stat.mineBlock.minecraft.clay":4,"stat.useItem.extratrees.food":6,"stat.pickup.extratrees.hops":3,"stat.useItem.minecraft.stone_shovel":250,"stat.craftItem.minecraft.stone_sword":1,"stat.flyOneCm":140635,"stat.pickup.harvestcraft.radishitem":2,"stat.pickup.appliedenergistics2.material":12,"stat.pickup.minecraft.brown_mushroom":7,"stat.pickup.minecraft.wheat_seeds":5,"stat.mineBlock.minecraft.sand":55,"stat.entityKilledBy.Zombie":1,"stat.mineBlock.minecraft.gravel":87,"stat.drop.minecraft.sand":40,"stat.useItem.minecraft.stone_pickaxe":185,"stat.drop.integrateddynamics.on_the_dynamics_of_integration":1,"stat.useItem.minecraft.stone_sword":67,"stat.damageDealt":2232,"stat.pickup.minecraft.redstone":22,"stat.mineBlock.minecraft.iron_ore":63,"stat.timeSinceDeath":0,"stat.mineBlock.minecraft.dirt":148,"stat.useItem.minecraft.iron_pickaxe":815,"stat.craftItem.minecraft.wooden_pickaxe":1,"stat.pickup.integrateddynamics.on_the_dynamics_of_integration":2,"stat.pickup.minecraft.mutton":4,"stat.pickup.valkyrielib.guide":1,"stat.drop.minecraft.stick":12,"stat.mineBlock.harvestcraft.pampear":2,"stat.pickup.astralsorcery.itemjournal":1,"stat.craftItem.minecraft.stone_shovel":4,"stat.walkOneCm":322163,"stat.useItem.minecraft.torch":54,"stat.pickup.immersiveengineering.seed":3,"stat.pickup.harvestcraft.beanitem":1,"stat.pickup.minecraft.stick":7,"stat.pickup.minecraft.wooden_axe":1,"stat.mineBlock.chisel.marble2":20,"stat.pickup.minecraft.crafting_table":3,"stat.mineBlock.thermalfoundation.ore":85,"stat.pickup.minecraft.clay_ball":16,"stat.useItem.minecraft.cobblestone":65,"stat.craftItem.minecraft.crafting_table":4,"stat.furnaceInteraction":37,"stat.drop.minecraft.dirt":64,"stat.killEntity.ZombieVillager":1,"stat.mineBlock.minecraft.coal_ore":25,"stat.drop.minecraft.wool":1,"stat.killEntity.Creeper":1,"stat.pickup.actuallyadditions.item_solidified_experience":4,"stat.pickup.minecraft.log":166,"stat.pickup.minecraft.furnace":1,"stat.useItem.minecraft.cooked_mutton":1,"stat.entityKilledBy.Skeleton":2,"stat.craftItem.minecraft.stone_slab2":0,"stat.pickup.minecraft.stone":33,"stat.pickup.minecraft.sapling":15,"stat.sprintOneCm":106393,"stat.pickup.minecraft.apple":4,"stat.craftItem.minecraft.stick":80,"stat.craftItem.minecraft.wooden_axe":1,"stat.pickup.actuallyadditions.item_coffee_beans":2,"stat.killEntity.Skeleton":4,"stat.pickup.forestry.apatite":82,"stat.pickup.thaumcraft.ore_cinnabar":2,"stat.craftItem.minecraft.planks":56,"stat.pickup.thaumcraft.crystal_essence":2,"stat.mineBlock.harvestcraft.pamapple":1,"stat.mineBlock.minecraft.crafting_table":2,"stat.killEntity.Spider":1,"stat.mineBlock.forestry.resources":24,"stat.useItem.minecraft.wooden_shovel":20,"stat.mobKills":12,"stat.mineBlock.minecraft.log":137,"stat.craftItem.minecraft.wooden_pressure_plate":1,"stat.pickup.minecraft.quartz":4,"stat.entityKilledBy.Creeper":1,"stat.pickup.forestry.book_forester":1,"stat.deaths":9,"stat.drop":16,"stat.mineBlock.minecraft.leaves":24,"stat.pickup.minecraft.egg":2,"stat.playOneMinute":117504,"stat.craftItem.minecraft.wooden_shovel":1,"stat.pickup.minecraft.torch":8,"stat.killEntity.Sheep":2,"stat.pickup.harvestcraft.pearitem":2,"stat.pickup.thaumcraft.brain":2,"stat.mineBlock.minecraft.redstone_ore":5,"stat.pickup.thaumcraft.amber":7,"stat.sneakTime":18304,"stat.craftItem.minecraft.iron_pickaxe":5,"stat.pickup.minecraft.wool":2,"stat.drop.minecraft.stone_axe":1,"stat.killEntity.Zombie":4,"stat.pickup.opencomputers.tool":1,"stat.useItem.minecraft.wooden_axe":19,"stat.mineBlock.minecraft.stone":723,"stat.pickup.chisel.marble2":20,"stat.mineBlock.minecraft.gold_ore":1,"stat.mineBlock.minecraft.tallgrass":53,"stat.craftItem.minecraft.cooked_mutton":4,"stat.diveOneCm":20753,"stat.mineBlock.thaumcraft.ore_cinnabar":2}